Unnamed: 0,Age,TypeofContact,CityTier,DurationOfPitch,Occupation,Gender,NumberOfPersonVisiting,NumberOfFollowups,ProductPitched,PreferredPropertyStar,MaritalStatus,NumberOfTrips,Passport,PitchSatisfactionScore,OwnCar,NumberOfChildrenVisiting,Designation,MonthlyIncome
2273,34.0,0,1,9.0,2,2,2,4.0,0,3.0,1,4.0,0,1,0,0.0,1,17979.0
73,32.0,1,1,6.0,2,2,3,3.0,1,4.0,0,2.0,0,3,0,0.0,2,21220.0
167,30.0,1,3,11.0,2,1,2,3.0,3,3.0,0,3.0,0,4,1,1.0,3,24419.0
4725,39.0,1,3,9.0,3,2,3,4.0,3,4.0,3,2.0,0,4,1,2.0,3,26029.0
4219,37.0,0,1,31.0,2,1,3,4.0,1,4.0,1,2.0,0,3,1,2.0,2,24352.0
2620,34.0,1,1,9.0,2,2,3,4.0,0,3.0,2,2.0,0,3,0,2.0,1,21178.0
3015,27.0,0,1,7.0,2,1,4,6.0,0,3.0,1,5.0,0,4,1,3.0,1,23042.0
1106,30.0,1,3,6.0,2,2,3,4.0,1,5.0,1,2.0,0,4,1,1.0,2,24714.0
4541,53.0,0,1,32.0,3,1,3,5.0,4,3.0,1,5.0,0,5,0,2.0,0,32504.0
3334,55.0,0,1,7.0,2,1,3,4.0,3,3.0,1,2.0,0,5,1,2.0,3,29180.0
93,46.0,0,1,6.0,3,2,2,4.0,3,5.0,0,3.0,1,2,1,1.0,3,25673.0
4519,39.0,0,1,19.0,2,2,2,5.0,1,5.0,1,4.0,0,5,1,1.0,2,24966.0
112,54.0,0,2,32.0,2,1,1,2.0,4,3.0,2,3.0,1,3,1,0.0,0,32328.0
1287,42.0,1,1,19.0,3,2,3,1.0,1,5.0,1,6.0,0,4,1,0.0,2,20538.0
3583,33.0,1,1,12.0,2,1,3,2.0,0,3.0,1,5.0,0,5,1,2.0,1,21990.0
1551,35.0,1,1,6.0,3,2,1,4.0,0,3.0,2,2.0,0,4,1,0.0,1,17859.0
1284,39.0,1,1,16.0,3,2,3,3.0,3,3.0,3,1.0,0,3,1,0.0,3,28464.0
3232,29.0,1,1,17.0,2,1,3,4.0,1,3.0,3,5.0,0,4,1,2.0,2,22338.0
2887,23.0,0,1,11.0,1,2,3,5.0,0,3.0,3,7.0,0,5,1,1.0,1,22572.0
294,37.0,0,1,15.0,3,2,2,3.0,0,3.0,0,2.0,1,2,0,0.0,1,17326.0
4606,33.0,1,1,10.0,3,1,4,4.0,1,5.0,1,3.0,0,1,1,1.0,2,25403.0
4015,33.0,1,1,7.0,2,2,4,4.0,0,5.0,3,3.0,0,1,0,2.0,1,21634.0
4115,50.0,0,1,25.0,2,2,4,4.0,1,3.0,1,3.0,1,1,0,1.0,2,25482.0
2067,42.0,1,1,6.0,2,1,2,4.0,1,3.0,1,1.0,1,3,0,0.0,2,21062.0
4801,43.0,0,1,33.0,3,1,3,4.0,3,5.0,1,5.0,1,3,0,1.0,3,31869.0
1383,36.0,0,1,15.0,2,2,3,1.0,0,4.0,1,2.0,0,5,1,0.0,1,17810.0
1350,27.0,1,3,8.0,3,1,2,1.0,1,3.0,3,1.0,0,1,0,1.0,2,21500.0
4288,29.0,1,3,16.0,2,2,4,4.0,1,3.0,3,3.0,0,3,1,2.0,2,23931.0
2690,34.0,1,1,12.0,2,1,4,5.0,0,3.0,0,3.0,0,2,0,3.0,1,21589.0
3576,41.0,1,3,21.0,2,1,3,4.0,1,5.0,1,3.0,0,3,0,2.0,2,23317.0
4866,32.0,1,3,20.0,3,2,4,5.0,1,5.0,1,7.0,1,1,1,1.0,2,20980.0
1947,50.0,0,2,9.0,3,2,3,3.0,2,4.0,1,2.0,0,1,1,2.0,4,33200.0
1940,24.0,0,3,30.0,3,2,2,3.0,0,3.0,1,1.0,0,4,1,1.0,1,17400.0
4511,43.0,1,1,7.0,2,1,3,5.0,1,3.0,1,2.0,1,3,0,1.0,2,24740.0
1148,39.0,1,1,16.0,3,2,3,3.0,1,5.0,1,3.0,0,5,1,2.0,2,20377.0
1740,55.0,1,1,6.0,3,2,2,3.0,2,5.0,2,1.0,1,1,1,1.0,4,34045.0
4849,33.0,0,1,10.0,2,0,3,4.0,0,3.0,3,3.0,0,4,1,1.0,1,24887.0
3699,34.0,1,3,23.0,2,0,4,4.0,3,5.0,3,4.0,1,5,0,1.0,3,27242.0
4027,25.0,1,1,25.0,2,2,3,4.0,0,3.0,1,2.0,0,4,0,1.0,1,21452.0
1613,30.0,1,1,24.0,2,1,3,3.0,0,3.0,2,2.0,0,1,1,2.0,1,17632.0
4206,32.0,0,3,12.0,3,1,3,4.0,0,4.0,1,3.0,0,3,0,1.0,1,21467.0
2757,34.0,0,1,12.0,2,1,4,4.0,3,4.0,0,8.0,0,3,1,3.0,3,30556.0
2191,50.0,1,1,30.0,2,2,3,3.0,4,3.0,1,4.0,1,4,1,2.0,0,28973.0
673,33.0,1,1,6.0,2,2,3,4.0,0,5.0,2,4.0,1,4,0,0.0,1,17799.0
3264,36.0,0,3,18.0,3,2,3,4.0,1,3.0,1,3.0,0,5,0,1.0,2,23646.0
2645,50.0,0,1,25.0,2,2,4,4.0,1,3.0,1,3.0,1,2,0,2.0,2,25482.0
3648,49.0,0,3,14.0,3,1,4,4.0,0,3.0,1,4.0,1,4,1,2.0,1,21333.0
3412,37.0,0,3,14.0,3,1,3,2.0,1,5.0,0,4.0,0,1,1,1.0,2,23317.0
143,30.0,1,1,24.0,2,1,3,3.0,0,3.0,2,2.0,0,2,1,0.0,1,17632.0
3867,23.0,1,1,7.0,2,2,4,4.0,0,3.0,3,2.0,0,3,0,3.0,1,22053.0
1651,34.0,1,1,33.0,3,1,3,3.0,0,4.0,2,3.0,0,3,0,0.0,1,17311.0
4005,52.0,1,3,28.0,3,2,4,4.0,1,3.0,3,2.0,1,5,0,3.0,2,24119.0
3192,27.0,0,3,36.0,3,2,4,6.0,1,5.0,3,2.0,0,3,0,1.0,2,23647.0
706,40.0,0,3,30.0,2,0,3,1.0,4,4.0,3,5.0,1,3,1,2.0,0,28194.0
891,44.0,1,1,8.0,2,1,3,1.0,0,3.0,0,2.0,0,4,1,0.0,1,17011.0
4676,27.0,0,1,9.0,2,2,3,4.0,0,5.0,1,8.0,1,5,0,1.0,1,20720.0
3308,42.0,0,1,12.0,2,2,4,5.0,0,5.0,1,8.0,0,3,1,1.0,1,20785.0
2939,28.0,1,3,9.0,3,2,3,4.0,0,5.0,1,2.0,0,5,0,2.0,1,21719.0
4588,59.0,1,1,12.0,1,1,3,5.0,3,4.0,1,4.0,1,5,1,2.0,3,29230.0
3430,40.0,1,3,28.0,2,2,3,5.0,1,3.0,0,5.0,1,1,0,2.0,2,24798.0
3767,29.0,0,2,7.0,2,2,3,4.0,0,3.0,1,3.0,0,4,0,2.0,1,21384.0
3004,35.0,1,1,15.0,2,1,3,4.0,1,5.0,1,5.0,0,5,1,1.0,2,23799.0
1039,34.0,1,2,15.0,1,1,2,3.0,0,3.0,0,2.0,0,1,1,0.0,1,17742.0
1018,36.0,1,1,10.0,2,2,2,4.0,1,3.0,2,2.0,0,5,1,1.0,2,20810.0
147,41.0,0,1,16.0,2,2,3,4.0,4,5.0,1,5.0,0,2,1,0.0,0,32181.0
1563,46.0,0,1,6.0,3,2,2,4.0,3,5.0,1,3.0,1,1,1,1.0,3,25673.0
2904,27.0,1,3,36.0,3,2,3,4.0,1,3.0,1,7.0,0,5,1,1.0,2,22984.0
4732,32.0,0,3,27.0,2,2,4,2.0,0,3.0,1,2.0,0,5,1,1.0,1,21469.0
3961,38.0,1,1,26.0,2,2,4,4.0,0,4.0,1,6.0,0,4,0,2.0,1,21700.0
4035,34.0,0,3,29.0,3,2,4,4.0,1,4.0,1,2.0,0,1,0,1.0,2,24824.0
962,51.0,1,2,11.0,2,2,2,3.0,4,4.0,1,2.0,1,3,1,1.0,0,29026.0
553,40.0,1,1,8.0,3,1,2,4.0,0,3.0,2,1.0,1,3,1,1.0,1,17342.0
1845,49.0,1,1,13.0,2,2,2,4.0,3,3.0,3,1.0,0,1,1,0.0,3,25965.0
3765,48.0,1,1,16.0,2,1,4,4.0,0,3.0,2,6.0,0,3,1,1.0,1,20783.0
1724,29.0,1,3,26.0,3,2,2,3.0,1,3.0,1,3.0,0,1,1,0.0,2,21931.0
4384,25.0,0,3,31.0,3,2,3,4.0,0,3.0,1,2.0,0,4,1,2.0,1,21078.0
2340,35.0,1,3,23.0,2,2,3,3.0,1,5.0,1,4.0,1,3,0,2.0,2,23966.0
4257,30.0,1,3,17.0,3,1,3,5.0,1,4.0,1,3.0,1,5,1,1.0,2,26946.0
1662,35.0,1,1,29.0,2,2,2,4.0,1,3.0,1,4.0,1,4,1,0.0,2,20916.0
1847,36.0,1,1,8.0,2,1,3,3.0,0,3.0,1,5.0,0,5,1,0.0,1,17543.0
1126,50.0,1,3,5.0,3,2,2,3.0,2,3.0,1,5.0,1,5,0,1.0,4,34331.0
4689,44.0,1,3,32.0,3,2,4,5.0,3,3.0,1,7.0,0,4,1,2.0,3,29476.0
811,38.0,1,3,8.0,3,2,2,3.0,3,4.0,3,1.0,0,4,1,0.0,3,22351.0
3624,37.0,1,1,14.0,2,2,4,4.0,0,4.0,2,4.0,0,1,0,3.0,1,20691.0
2754,32.0,1,2,9.0,2,2,4,5.0,1,5.0,0,5.0,0,3,0,2.0,2,25088.0
2890,42.0,0,3,17.0,2,2,3,4.0,1,3.0,3,2.0,0,2,0,2.0,2,24908.0
523,50.0,1,1,34.0,3,2,3,2.0,0,3.0,0,2.0,1,2,1,2.0,1,18221.0
4393,25.0,0,1,14.0,2,1,3,4.0,0,3.0,1,3.0,1,4,0,1.0,1,21564.0
853,19.0,1,1,15.0,2,2,2,3.0,0,5.0,2,2.0,0,3,0,0.0,1,17552.0
4598,41.0,1,3,17.0,3,2,4,5.0,3,4.0,1,4.0,0,4,0,1.0,3,28383.0
2909,47.0,0,1,25.0,3,1,3,4.0,3,3.0,0,7.0,0,3,1,1.0,3,29205.0
3123,32.0,0,3,27.0,3,1,3,4.0,1,3.0,0,3.0,0,2,1,1.0,2,25610.0
750,44.0,1,3,34.0,3,1,2,1.0,4,3.0,0,4.0,1,2,1,1.0,0,28320.0
2983,51.0,1,3,15.0,3,2,3,4.0,0,4.0,0,2.0,0,2,1,1.0,1,22553.0
2325,37.0,1,1,7.0,2,1,2,4.0,1,3.0,1,2.0,0,1,0,0.0,2,21474.0
3552,36.0,1,1,7.0,3,2,4,5.0,0,5.0,2,3.0,0,1,0,3.0,1,21128.0
2780,30.0,1,1,15.0,2,2,4,6.0,0,5.0,0,3.0,1,3,1,2.0,1,20797.0
4586,43.0,1,3,21.0,3,0,4,5.0,1,3.0,3,2.0,0,3,1,1.0,2,24922.0
4234,28.0,1,3,9.0,2,2,4,4.0,1,3.0,3,3.0,1,4,0,2.0,2,23156.0
4176,33.0,1,1,9.0,1,2,3,5.0,1,5.0,2,6.0,0,4,0,2.0,2,20854.0
276,35.0,1,1,28.0,2,1,3,2.0,3,4.0,1,1.0,0,5,1,1.0,3,26996.0
1589,43.0,0,3,32.0,2,2,3,3.0,4,3.0,1,2.0,1,1,1,0.0,0,31959.0
3240,26.0,1,1,11.0,1,2,3,4.0,0,3.0,0,3.0,1,3,1,1.0,1,22369.0
4846,30.0,0,1,9.0,3,2,3,5.0,0,5.0,3,2.0,0,4,1,2.0,1,22017.0
3813,29.0,1,3,20.0,3,0,3,4.0,1,3.0,3,5.0,1,5,1,2.0,2,28532.0
2802,37.0,0,3,7.0,3,0,3,4.0,1,3.0,3,6.0,0,2,1,2.0,2,25331.0
4007,47.0,0,1,7.0,3,2,3,5.0,3,5.0,1,4.0,1,1,1,2.0,3,29351.0
2633,52.0,1,1,10.0,3,1,4,4.0,4,4.0,2,5.0,0,5,0,2.0,0,32412.0
4090,34.0,1,1,9.0,2,2,3,4.0,0,3.0,2,2.0,0,3,1,1.0,1,21178.0
4058,33.0,0,3,16.0,3,2,3,6.0,1,3.0,1,2.0,0,1,0,2.0,2,23346.0
4885,52.0,1,3,17.0,2,1,4,4.0,3,4.0,1,7.0,0,1,1,3.0,3,31820.0
68,35.0,0,1,6.0,3,2,3,3.0,0,5.0,0,5.0,0,2,0,1.0,1,17194.0
1888,26.0,1,1,29.0,2,1,2,3.0,0,3.0,1,2.0,0,3,0,0.0,1,17886.0
2761,53.0,1,1,15.0,3,2,3,5.0,1,4.0,0,4.0,0,2,1,2.0,2,23619.0
4379,47.0,0,1,25.0,3,1,3,4.0,3,3.0,1,7.0,0,3,0,2.0,3,29205.0
3461,28.0,1,1,18.0,2,2,4,4.0,0,5.0,0,2.0,0,5,1,3.0,1,20777.0
1363,33.0,1,3,16.0,3,2,2,3.0,1,3.0,2,2.0,0,1,0,0.0,2,20487.0
2149,31.0,0,3,26.0,3,1,2,3.0,1,3.0,1,2.0,0,1,1,1.0,2,21932.0
4877,39.0,0,1,16.0,2,2,4,4.0,1,5.0,1,6.0,0,3,0,3.0,2,25571.0
2622,47.0,1,3,7.0,3,1,4,4.0,3,5.0,1,3.0,0,2,1,2.0,3,29131.0
1973,34.0,1,1,6.0,2,2,2,3.0,0,3.0,1,2.0,0,3,1,1.0,1,17691.0
842,28.0,1,1,18.0,2,1,3,3.0,0,3.0,0,2.0,1,4,1,0.0,1,17515.0
2517,33.0,1,1,7.0,2,2,4,4.0,1,4.0,0,3.0,0,3,0,1.0,2,24898.0
2721,39.0,1,3,14.0,3,1,3,3.0,1,5.0,1,3.0,1,3,0,1.0,2,24283.0
1033,31.0,0,1,6.0,2,1,3,1.0,3,4.0,3,2.0,0,3,1,2.0,3,22446.0
2781,30.0,1,1,16.0,2,2,2,5.0,0,3.0,3,2.0,0,2,1,1.0,1,22661.0
311,45.0,0,1,13.0,2,2,3,3.0,3,5.0,1,2.0,0,2,1,2.0,3,20210.0
2843,32.0,1,1,7.0,2,2,4,5.0,0,5.0,0,3.0,0,4,0,1.0,1,20896.0
1726,42.0,1,1,8.0,3,1,2,4.0,0,5.0,1,1.0,1,4,1,1.0,1,17593.0
4693,52.0,1,1,11.0,2,2,3,4.0,0,3.0,1,2.0,1,1,0,1.0,1,21139.0
2044,34.0,1,1,6.0,2,1,3,1.0,0,3.0,2,3.0,0,1,1,1.0,1,18280.0
2560,35.0,1,1,12.0,3,1,3,5.0,3,5.0,2,4.0,0,2,0,1.0,3,30309.0
468,52.0,1,1,12.0,1,2,3,3.0,1,5.0,1,4.0,1,4,1,2.0,2,20577.0
3506,45.0,0,1,9.0,3,2,3,4.0,3,3.0,2,7.0,1,1,0,2.0,3,28887.0
4078,28.0,0,1,10.0,3,2,4,5.0,0,3.0,1,3.0,1,1,0,3.0,1,21244.0
547,42.0,0,1,25.0,3,2,2,2.0,0,3.0,1,7.0,1,3,1,1.0,1,17759.0
4574,59.0,0,1,9.0,2,2,3,5.0,0,3.0,1,2.0,1,1,1,1.0,1,21058.0
4183,37.0,1,1,13.0,2,2,3,4.0,0,3.0,1,2.0,0,5,1,2.0,1,21888.0
4692,47.0,1,1,15.0,2,1,4,5.0,1,5.0,1,2.0,1,1,1,3.0,2,23293.0
2389,59.0,0,1,20.0,2,0,2,3.0,3,3.0,3,1.0,1,5,1,0.0,3,25512.0
3370,44.0,1,3,11.0,3,1,3,5.0,3,3.0,2,5.0,0,3,1,1.0,3,28909.0
915,21.0,0,1,16.0,2,1,2,4.0,0,3.0,2,2.0,0,4,1,0.0,1,17625.0
2132,20.0,1,3,8.0,3,1,2,4.0,0,3.0,2,2.0,0,4,1,0.0,1,17044.0
1195,49.0,1,1,6.0,2,2,2,3.0,4,3.0,2,5.0,0,3,1,0.0,0,30379.0
883,33.0,1,1,15.0,3,2,2,3.0,0,3.0,0,1.0,0,2,1,0.0,1,17781.0
4559,30.0,1,3,7.0,3,1,3,5.0,0,3.0,1,8.0,1,1,1,2.0,1,21478.0
4089,57.0,1,1,15.0,2,1,4,4.0,0,5.0,1,6.0,1,4,1,2.0,1,22935.0
3040,36.0,1,1,7.0,2,1,3,2.0,0,3.0,2,5.0,0,3,0,1.0,1,21184.0
4515,41.0,0,1,23.0,3,2,3,5.0,1,3.0,3,8.0,0,5,0,1.0,2,23772.0
2320,32.0,0,3,8.0,2,1,3,3.0,0,5.0,1,2.0,0,3,1,0.0,1,17827.0
1753,55.0,1,1,26.0,1,2,2,3.0,1,3.0,1,4.0,1,1,0,0.0,2,20415.0
3157,46.0,1,1,7.0,3,1,4,4.0,0,3.0,1,5.0,0,5,0,2.0,1,20948.0
3,33.0,0,1,9.0,2,1,2,3.0,0,3.0,0,2.0,1,5,1,1.0,1,17909.0
4691,22.0,1,1,17.0,2,1,3,5.0,0,5.0,2,3.0,0,3,0,2.0,1,20094.0
1189,33.0,1,3,8.0,3,2,3,3.0,1,3.0,1,2.0,0,3,1,1.0,2,20505.0
1733,46.0,1,3,8.0,1,1,3,5.0,4,4.0,1,4.0,1,5,1,0.0,0,31872.0
4177,47.0,1,3,9.0,1,1,4,6.0,4,4.0,1,5.0,1,5,1,1.0,0,35550.0
952,31.0,0,3,6.0,2,1,2,3.0,0,4.0,2,2.0,1,5,1,1.0,1,17302.0
1669,38.0,1,1,35.0,1,2,2,3.0,1,3.0,1,4.0,0,1,0,0.0,2,21261.0
3465,26.0,1,3,16.0,2,2,4,5.0,0,5.0,0,5.0,0,1,1,1.0,1,23078.0
1476,59.0,1,1,9.0,3,1,2,1.0,0,5.0,1,5.0,1,1,0,1.0,1,17670.0
2753,32.0,1,1,12.0,1,2,3,4.0,0,3.0,0,2.0,1,4,0,2.0,1,23499.0
2465,37.0,1,3,16.0,2,2,3,5.0,1,5.0,3,2.0,0,2,0,1.0,2,22085.0
263,46.0,1,3,8.0,1,1,3,5.0,4,4.0,0,4.0,1,5,1,2.0,0,31872.0
4708,35.0,0,1,10.0,2,2,3,4.0,1,3.0,3,2.0,0,1,1,1.0,2,26434.0
3606,36.0,1,3,17.0,3,2,3,5.0,3,5.0,1,2.0,0,5,1,2.0,3,28984.0
729,35.0,1,1,31.0,3,1,2,3.0,3,3.0,1,2.0,1,3,1,1.0,3,25388.0
1492,34.0,1,1,13.0,2,0,2,3.0,3,4.0,3,1.0,0,5,0,0.0,3,26994.0
4202,27.0,1,1,23.0,3,2,3,4.0,0,4.0,1,4.0,1,1,1,1.0,1,21051.0
1712,41.0,1,1,25.0,2,2,2,3.0,1,5.0,1,3.0,0,1,0,0.0,2,18072.0
1980,54.0,1,2,25.0,3,2,2,3.0,3,4.0,1,3.0,0,3,1,1.0,3,25725.0
1054,49.0,1,1,13.0,2,2,2,3.0,3,4.0,1,4.0,0,4,0,1.0,3,25466.0
2508,37.0,1,1,15.0,1,1,3,4.0,3,3.0,1,3.0,0,4,1,2.0,3,28774.0
1622,53.0,1,3,12.0,3,2,2,3.0,1,3.0,1,3.0,1,5,0,1.0,2,17306.0
60,32.0,1,1,6.0,3,2,2,3.0,1,3.0,0,2.0,1,4,1,0.0,2,21162.0
2054,42.0,0,1,14.0,2,2,3,3.0,2,3.0,1,2.0,0,5,1,1.0,4,33430.0
3292,36.0,0,1,11.0,2,2,3,5.0,0,3.0,0,3.0,0,2,1,1.0,1,21054.0
4289,50.0,1,1,14.0,2,2,3,5.0,3,3.0,2,2.0,0,1,1,1.0,3,29643.0
2008,41.0,1,2,6.0,2,2,2,4.0,2,3.0,1,2.0,0,1,1,1.0,4,34189.0
4065,36.0,1,3,7.0,3,2,4,4.0,3,4.0,1,3.0,0,4,0,1.0,3,25973.0
3747,48.0,1,1,11.0,2,1,4,5.0,3,4.0,1,2.0,1,4,1,3.0,3,29011.0
4788,31.0,1,1,14.0,2,2,3,4.0,1,3.0,1,3.0,0,5,1,2.0,2,22169.0
823,29.0,0,1,16.0,2,1,3,3.0,0,4.0,1,1.0,0,5,1,0.0,1,18291.0
2036,47.0,0,3,33.0,2,1,3,1.0,1,3.0,3,5.0,1,4,0,1.0,2,21397.0
4166,30.0,1,1,22.0,2,2,3,4.0,0,3.0,2,3.0,0,3,1,2.0,1,21018.0
4248,46.0,1,1,15.0,2,2,4,4.0,1,3.0,1,2.0,0,3,1,1.0,2,22375.0
4746,38.0,1,1,32.0,3,1,3,5.0,1,3.0,1,2.0,0,3,1,1.0,2,24409.0
2662,46.0,0,3,13.0,3,0,3,5.0,3,3.0,3,8.0,0,4,1,1.0,3,27543.0
540,28.0,1,1,6.0,2,1,3,5.0,0,4.0,2,1.0,1,2,1,0.0,1,17216.0
2639,38.0,1,1,28.0,2,2,4,3.0,0,5.0,0,3.0,1,3,0,3.0,1,22242.0
4029,38.0,1,3,10.0,2,2,3,4.0,3,3.0,3,4.0,0,3,0,2.0,3,26106.0
2163,36.0,1,3,9.0,2,2,2,4.0,3,3.0,1,2.0,1,1,1,0.0,3,25325.0
2777,44.0,1,1,14.0,2,1,3,4.0,3,5.0,0,2.0,0,5,1,1.0,3,28663.0
1839,31.0,1,1,15.0,2,2,2,4.0,0,4.0,2,1.0,1,3,1,0.0,1,17657.0
4154,40.0,1,1,7.0,3,1,4,4.0,0,3.0,1,2.0,0,3,1,1.0,1,20910.0
3221,22.0,1,1,17.0,2,1,3,5.0,0,5.0,2,3.0,0,3,1,1.0,1,20094.0
921,28.0,0,1,6.0,3,2,2,3.0,0,3.0,2,1.0,1,4,0,0.0,1,17154.0
3862,39.0,0,1,13.0,2,2,4,5.0,1,3.0,1,4.0,0,4,1,2.0,2,23999.0
4191,39.0,1,3,14.0,3,1,3,2.0,1,5.0,1,3.0,1,3,1,2.0,2,24283.0
4561,36.0,1,1,32.0,1,2,4,5.0,3,4.0,1,5.0,0,3,1,2.0,3,29581.0
1049,30.0,1,3,22.0,2,2,3,3.0,1,3.0,0,1.0,0,3,0,2.0,2,20301.0
4697,42.0,1,1,14.0,1,1,3,2.0,0,3.0,1,3.0,0,3,0,1.0,1,22054.0
2232,26.0,0,1,8.0,2,2,2,3.0,0,5.0,1,7.0,1,5,0,0.0,1,17042.0
2201,20.0,1,1,17.0,3,1,3,4.0,0,5.0,2,2.0,1,3,1,2.0,1,17600.0
3147,39.0,0,3,17.0,1,0,3,4.0,1,3.0,3,3.0,1,3,0,2.0,2,24344.0
2378,33.0,1,3,31.0,3,2,2,4.0,3,4.0,3,3.0,1,5,1,0.0,3,23380.0
2658,31.0,1,1,10.0,1,1,3,4.0,0,5.0,3,7.0,1,4,1,2.0,1,21335.0
3276,38.0,1,1,32.0,3,1,3,5.0,1,3.0,1,2.0,0,3,0,2.0,2,24409.0
3319,45.0,1,1,36.0,2,2,3,4.0,1,3.0,3,3.0,0,5,1,2.0,2,23219.0
2635,28.0,1,1,16.0,3,1,3,4.0,0,4.0,2,3.0,0,3,1,1.0,1,20957.0
3448,27.0,1,1,14.0,2,2,4,2.0,0,5.0,3,2.0,0,1,1,1.0,1,22256.0
4462,44.0,0,3,22.0,2,2,3,5.0,1,3.0,1,5.0,0,5,1,1.0,2,25482.0
2153,25.0,1,3,25.0,3,2,2,4.0,0,4.0,1,2.0,1,1,0,1.0,1,17413.0
1500,33.0,1,1,8.0,3,2,3,3.0,0,3.0,2,5.0,0,3,0,2.0,1,17496.0
791,35.0,1,3,10.0,1,2,2,3.0,3,5.0,3,1.0,1,4,1,1.0,3,24582.0
4282,41.0,1,3,29.0,3,2,4,5.0,1,3.0,1,4.0,1,3,1,1.0,2,25058.0
1224,26.0,1,1,23.0,3,2,3,5.0,0,3.0,1,2.0,0,3,0,2.0,1,17305.0
3049,39.0,0,1,19.0,2,2,3,5.0,1,5.0,1,4.0,0,5,1,1.0,2,24966.0
2200,30.0,1,1,14.0,2,1,3,1.0,3,5.0,1,1.0,1,1,0,2.0,3,26416.0
2987,45.0,0,1,31.0,3,2,3,6.0,0,3.0,3,4.0,0,3,0,2.0,1,22386.0
971,51.0,1,1,17.0,1,0,2,4.0,4,4.0,3,4.0,0,1,0,1.0,0,28142.0
1576,50.0,0,1,6.0,2,1,3,3.0,2,4.0,1,4.0,1,1,0,2.0,4,33172.0
1212,34.0,1,1,25.0,2,1,2,4.0,0,3.0,1,2.0,0,4,1,1.0,1,17929.0
554,27.0,1,1,13.0,3,1,2,4.0,1,5.0,3,1.0,0,3,1,0.0,2,21811.0
1835,46.0,0,1,13.0,3,1,1,3.0,1,3.0,1,3.0,0,5,1,0.0,2,20258.0
205,29.0,1,3,33.0,3,1,2,3.0,3,3.0,0,2.0,0,3,1,1.0,3,22639.0
3175,21.0,1,1,18.0,3,1,4,5.0,0,5.0,3,3.0,1,3,0,2.0,1,21278.0
692,32.0,1,1,9.0,3,1,3,3.0,1,5.0,0,2.0,0,2,1,1.0,2,21725.0
1928,40.0,0,3,34.0,2,2,2,5.0,3,5.0,1,4.0,0,5,0,1.0,3,25932.0
3107,22.0,1,1,25.0,2,1,4,4.0,0,3.0,3,3.0,0,3,1,2.0,1,21371.0
867,50.0,0,1,8.0,3,1,1,3.0,4,5.0,0,3.0,0,3,1,0.0,0,32856.0
3783,23.0,1,1,14.0,2,2,4,4.0,0,4.0,2,3.0,1,3,1,1.0,1,21150.0
4720,53.0,1,1,6.0,2,2,3,4.0,3,4.0,2,2.0,0,3,1,2.0,3,29123.0
2198,54.0,1,1,23.0,1,1,2,3.0,3,3.0,1,1.0,0,5,0,0.0,3,25739.0
4105,28.0,1,1,16.0,3,1,5,4.0,0,4.0,2,3.0,0,3,0,2.0,1,20957.0
2442,18.0,1,3,15.0,3,2,2,3.0,0,3.0,2,2.0,0,5,0,1.0,1,16611.0
1465,36.0,0,1,29.0,3,2,2,1.0,1,3.0,1,5.0,0,3,0,0.0,2,17571.0
615,27.0,0,1,9.0,3,2,2,3.0,0,3.0,0,2.0,0,2,1,0.0,1,16706.0
2952,36.0,1,1,13.0,2,2,3,6.0,1,3.0,3,3.0,0,5,1,1.0,2,25324.0
2280,46.0,1,3,9.0,3,2,2,3.0,4,3.0,1,4.0,0,1,1,0.0,0,32465.0
4612,36.0,1,3,25.0,3,1,3,4.0,1,3.0,1,3.0,0,4,1,2.0,2,23279.0
1257,31.0,1,3,22.0,3,2,3,3.0,3,3.0,1,3.0,0,5,1,0.0,3,23161.0
2078,55.0,1,3,8.0,3,2,2,3.0,1,3.0,2,5.0,0,1,1,0.0,2,20160.0
2554,52.0,0,1,7.0,3,0,2,5.0,3,5.0,3,5.0,0,2,1,1.0,3,26162.0
2547,35.0,1,1,13.0,2,1,3,4.0,1,3.0,3,3.0,0,3,1,1.0,2,23487.0
3854,41.0,1,3,9.0,3,1,4,4.0,1,4.0,1,5.0,0,3,1,2.0,2,24355.0
979,34.0,1,1,35.0,3,2,2,3.0,1,3.0,0,5.0,0,3,0,0.0,2,20429.0
3428,29.0,1,3,33.0,2,2,3,5.0,1,5.0,0,3.0,0,4,1,1.0,2,23402.0
3138,34.0,1,1,7.0,2,0,3,5.0,1,3.0,3,2.0,0,4,0,1.0,2,25627.0
951,41.0,0,3,16.0,3,2,2,5.0,1,4.0,2,2.0,0,1,1,0.0,2,21151.0
4871,41.0,1,3,23.0,3,2,4,4.0,3,3.0,1,4.0,0,5,0,2.0,3,22222.0
290,49.0,0,1,16.0,2,1,2,3.0,2,5.0,2,1.0,1,3,0,0.0,4,33665.0
1040,40.0,0,1,14.0,3,2,2,4.0,3,4.0,1,3.0,0,1,1,1.0,3,28757.0
1104,29.0,1,1,15.0,2,2,3,1.0,0,3.0,1,7.0,0,5,1,0.0,1,17451.0
2402,29.0,0,1,8.0,3,2,2,4.0,0,5.0,2,1.0,0,4,1,1.0,1,18339.0
4674,54.0,0,3,9.0,3,1,3,5.0,3,4.0,1,4.0,0,1,1,1.0,3,26203.0
2830,38.0,1,1,21.0,2,1,4,4.0,0,5.0,1,3.0,0,4,1,1.0,1,21712.0
2546,21.0,0,1,13.0,2,1,4,5.0,0,3.0,3,3.0,1,2,1,2.0,1,21604.0
4493,35.0,1,1,9.0,3,1,3,5.0,0,5.0,3,3.0,0,1,1,1.0,1,23059.0
3451,30.0,0,1,21.0,2,0,3,4.0,3,3.0,3,2.0,1,5,1,1.0,3,26231.0
3750,32.0,0,3,14.0,3,1,4,4.0,3,5.0,1,4.0,0,1,1,3.0,3,28315.0
1703,50.0,1,3,6.0,3,1,3,3.0,2,3.0,1,4.0,0,1,1,0.0,4,34517.0
416,38.0,0,1,8.0,2,2,2,3.0,0,3.0,0,2.0,1,5,1,1.0,1,16702.0
3493,31.0,1,3,23.0,2,2,4,4.0,1,3.0,0,2.0,0,3,0,3.0,2,23979.0
1633,57.0,1,1,30.0,2,2,2,1.0,3,3.0,1,4.0,1,4,1,0.0,3,24439.0
2381,25.0,1,1,9.0,2,2,2,3.0,0,5.0,1,5.0,0,5,1,0.0,1,16118.0
909,19.0,1,1,31.0,2,1,2,1.0,0,3.0,2,2.0,1,5,1,0.0,1,17994.0
2510,37.0,0,1,18.0,2,2,4,5.0,1,4.0,3,3.0,0,4,1,2.0,2,25177.0
1967,44.0,1,1,9.0,2,2,2,3.0,2,3.0,1,5.0,1,1,0,1.0,4,34513.0
3119,32.0,1,3,14.0,2,2,3,5.0,0,3.0,0,5.0,0,4,1,2.0,1,21007.0
4477,26.0,1,3,33.0,3,0,3,4.0,1,3.0,3,3.0,0,4,0,1.0,2,24858.0
3796,45.0,1,1,7.0,2,2,4,2.0,1,5.0,1,4.0,0,3,1,3.0,2,23711.0
2760,50.0,1,1,7.0,1,1,3,5.0,4,3.0,2,2.0,1,3,1,1.0,0,32642.0
1630,22.0,1,1,25.0,3,2,3,3.0,0,3.0,1,2.0,0,1,1,0.0,1,17323.0
2296,38.0,1,2,6.0,2,2,2,1.0,0,3.0,1,2.0,0,4,1,0.0,1,17844.0
1219,29.0,1,1,15.0,3,1,2,3.0,0,3.0,1,1.0,0,5,1,1.0,1,17974.0
3497,58.0,1,1,7.0,2,2,4,2.0,1,3.0,0,2.0,0,3,1,3.0,2,23578.0
4209,43.0,0,3,33.0,3,1,4,4.0,4,4.0,1,7.0,0,3,1,2.0,0,32203.0
4377,27.0,1,1,31.0,1,2,4,6.0,0,3.0,2,3.0,1,3,0,2.0,1,21018.0
2488,31.0,0,1,7.0,3,1,3,4.0,1,3.0,3,3.0,0,3,1,1.0,2,22689.0
3757,30.0,1,2,20.0,2,2,3,5.0,0,5.0,1,6.0,1,5,1,2.0,1,21013.0
3534,30.0,1,1,15.0,2,1,3,6.0,1,5.0,1,5.0,0,1,0,1.0,2,28393.0
3135,41.0,0,1,16.0,3,2,3,4.0,0,4.0,1,2.0,1,4,0,2.0,1,22295.0
4349,34.0,1,1,22.0,3,2,3,4.0,3,3.0,1,2.0,1,5,1,1.0,3,32288.0
3698,50.0,1,3,18.0,3,1,4,4.0,1,3.0,3,5.0,0,4,0,2.0,2,23185.0
2636,36.0,1,1,30.0,2,2,3,5.0,1,3.0,0,5.0,1,4,1,2.0,2,24594.0
2445,50.0,0,1,15.0,2,2,4,5.0,1,4.0,0,3.0,0,3,1,3.0,2,23808.0
3586,46.0,1,1,12.0,3,0,3,6.0,1,5.0,3,3.0,1,3,1,1.0,2,24447.0
4485,27.0,0,1,7.0,2,1,4,6.0,0,3.0,1,5.0,0,4,1,1.0,1,23042.0
4238,31.0,1,1,35.0,3,1,4,4.0,1,3.0,1,3.0,0,3,1,3.0,2,24453.0
776,20.0,0,3,15.0,3,1,2,3.0,0,3.0,2,2.0,1,4,0,0.0,1,17323.0
3746,36.0,1,1,30.0,3,2,4,6.0,0,3.0,1,2.0,0,1,1,1.0,1,21383.0
3875,33.0,1,3,7.0,3,1,3,4.0,3,3.0,1,3.0,0,5,1,1.0,3,29100.0
4081,31.0,1,3,12.0,2,1,3,4.0,3,3.0,1,4.0,0,4,1,2.0,3,28097.0
4514,33.0,1,1,11.0,2,1,4,5.0,1,3.0,1,3.0,0,4,1,2.0,2,24840.0
831,31.0,0,1,21.0,3,2,3,3.0,0,3.0,0,2.0,0,4,1,2.0,1,17610.0
4096,42.0,1,3,27.0,3,1,4,4.0,0,4.0,3,3.0,1,4,0,2.0,1,21818.0
272,28.0,1,1,15.0,3,2,3,3.0,0,3.0,0,2.0,0,2,1,1.0,1,17070.0
4416,54.0,1,3,7.0,3,0,3,4.0,1,5.0,3,2.0,0,1,1,2.0,2,27059.0
3760,44.0,0,3,9.0,2,2,4,4.0,1,3.0,1,3.0,0,3,1,3.0,2,24353.0
2951,30.0,1,3,10.0,3,1,4,4.0,1,3.0,0,3.0,0,2,0,1.0,2,24239.0
1770,41.0,1,3,8.0,2,2,2,3.0,4,4.0,2,2.0,0,3,1,1.0,0,31015.0
2306,29.0,1,3,29.0,2,1,2,4.0,3,5.0,1,2.0,0,3,1,1.0,3,22336.0
2743,52.0,1,1,9.0,3,2,3,6.0,1,4.0,1,7.0,0,2,0,1.0,2,24160.0
3016,30.0,1,1,34.0,3,1,4,4.0,1,3.0,0,6.0,0,2,1,1.0,2,23013.0
4843,29.0,0,3,20.0,1,1,3,4.0,1,4.0,3,7.0,0,3,1,1.0,2,22545.0
790,33.0,1,1,11.0,2,2,2,4.0,3,3.0,1,5.0,0,3,0,0.0,3,22119.0
3808,29.0,0,3,7.0,2,2,3,5.0,1,3.0,1,3.0,1,1,0,1.0,2,25512.0
4327,43.0,0,1,35.0,1,1,3,5.0,1,3.0,1,2.0,0,3,0,2.0,2,23201.0
3529,32.0,0,1,10.0,2,1,3,4.0,0,3.0,3,3.0,0,4,1,2.0,1,22762.0
1311,18.0,0,1,20.0,3,1,2,3.0,0,3.0,2,2.0,0,5,1,0.0,1,16514.0
3519,33.0,1,1,17.0,3,2,2,4.0,3,3.0,2,4.0,0,1,0,1.0,3,29922.0
1466,39.0,1,1,12.0,3,2,2,4.0,3,5.0,1,5.0,0,4,1,0.0,3,24991.0
1086,50.0,0,1,28.0,3,2,2,5.0,4,3.0,2,2.0,1,1,1,1.0,0,29411.0
1760,49.0,0,1,16.0,2,1,2,3.0,2,5.0,2,1.0,1,3,0,1.0,4,33665.0
3037,37.0,1,1,7.0,2,1,3,4.0,1,4.0,0,2.0,0,5,0,1.0,2,23906.0
743,59.0,1,1,8.0,2,1,3,4.0,4,3.0,2,4.0,1,5,0,2.0,0,28726.0
4030,35.0,1,1,12.0,3,1,3,5.0,3,5.0,2,4.0,0,1,1,2.0,3,30309.0
4378,38.0,1,1,7.0,1,0,3,4.0,3,3.0,3,6.0,0,5,1,1.0,3,26169.0
3415,52.0,1,1,18.0,1,1,3,5.0,4,4.0,2,5.0,0,1,0,2.0,0,31820.0
3866,36.0,1,1,18.0,3,2,3,4.0,0,3.0,1,2.0,1,5,0,1.0,1,21338.0
2703,32.0,0,1,36.0,3,2,4,5.0,0,4.0,3,2.0,0,3,1,3.0,1,22157.0
4357,23.0,0,1,11.0,1,2,4,5.0,0,3.0,3,7.0,0,5,0,1.0,1,22572.0
1759,28.0,1,1,14.0,2,1,3,3.0,0,3.0,2,2.0,0,4,1,1.0,1,18310.0
1715,31.0,0,1,9.0,3,2,3,3.0,3,3.0,1,1.0,0,4,1,0.0,3,28675.0
2101,44.0,1,1,14.0,2,2,3,1.0,0,3.0,1,3.0,1,3,1,0.0,1,17818.0
1774,39.0,1,1,6.0,3,2,2,1.0,3,3.0,1,1.0,0,3,1,0.0,3,24613.0
1200,44.0,1,2,6.0,2,1,2,3.0,0,3.0,1,5.0,1,3,1,0.0,1,18195.0
4083,33.0,1,1,13.0,2,2,3,4.0,0,3.0,3,5.0,0,1,0,2.0,1,21716.0
2283,39.0,0,1,8.0,2,2,2,3.0,4,3.0,1,1.0,0,3,1,0.0,0,27169.0
3327,34.0,1,1,16.0,3,2,3,4.0,0,3.0,0,2.0,0,2,1,1.0,1,21459.0
2736,32.0,0,3,12.0,3,1,3,4.0,0,4.0,1,3.0,0,3,0,2.0,1,21467.0
3707,43.0,1,1,19.0,3,2,3,4.0,0,4.0,1,2.0,0,1,1,2.0,1,21444.0
4373,42.0,0,1,9.0,2,0,4,5.0,1,3.0,3,4.0,1,1,0,1.0,2,25489.0
4413,34.0,1,3,15.0,3,2,3,4.0,1,3.0,1,2.0,0,1,0,1.0,2,25782.0
3307,34.0,1,2,9.0,2,2,3,4.0,0,3.0,0,3.0,0,2,0,1.0,1,22278.0
4521,50.0,1,3,18.0,3,1,3,4.0,3,3.0,1,3.0,0,4,0,1.0,3,26332.0
235,43.0,1,3,22.0,3,1,3,3.0,4,3.0,0,6.0,1,3,0,1.0,0,31064.0
58,31.0,1,1,13.0,2,2,2,3.0,1,3.0,1,4.0,0,3,1,0.0,2,20915.0
855,37.0,1,1,6.0,2,1,2,4.0,1,3.0,0,2.0,0,2,1,1.0,2,21474.0
1748,26.0,0,1,6.0,2,1,2,3.0,1,4.0,1,2.0,0,5,1,1.0,2,21397.0
3021,38.0,1,1,17.0,2,1,3,4.0,0,5.0,1,2.0,1,3,1,2.0,1,21460.0
2804,58.0,1,1,7.0,3,2,3,4.0,1,3.0,0,4.0,0,3,1,2.0,2,25433.0
218,45.0,0,3,12.0,3,0,2,4.0,3,3.0,3,7.0,0,4,1,0.0,3,23865.0
4103,52.0,1,1,10.0,3,1,4,4.0,4,4.0,2,5.0,0,5,1,2.0,0,32412.0
4368,30.0,1,1,26.0,1,2,3,4.0,1,3.0,1,6.0,0,5,1,1.0,2,22940.0
4445,33.0,1,1,10.0,2,1,3,4.0,3,3.0,2,5.0,0,1,1,1.0,3,29837.0
4701,56.0,0,1,9.0,2,2,4,4.0,3,4.0,1,5.0,0,1,0,2.0,3,29654.0
2785,39.0,1,1,22.0,2,2,4,5.0,3,3.0,1,2.0,1,5,1,2.0,3,30188.0
4796,37.0,1,1,8.0,1,1,4,6.0,3,5.0,1,4.0,1,1,1,1.0,3,28930.0
2247,21.0,1,1,16.0,2,1,2,4.0,0,5.0,2,2.0,0,3,0,1.0,1,16416.0
227,29.0,0,3,6.0,3,1,2,3.0,3,3.0,0,2.0,0,3,1,0.0,3,22918.0
1361,26.0,0,1,12.0,2,2,3,1.0,0,3.0,1,1.0,0,4,1,1.0,1,17544.0
1330,43.0,1,1,12.0,3,1,2,4.0,2,3.0,1,1.0,0,3,1,1.0,4,34392.0
3318,31.0,1,1,14.0,2,2,3,4.0,1,3.0,1,3.0,0,5,1,2.0,2,22169.0
186,40.0,1,1,10.0,3,1,2,3.0,2,3.0,0,2.0,0,5,0,1.0,4,34033.0
3733,39.0,0,2,9.0,2,2,4,4.0,0,4.0,1,7.0,0,3,1,3.0,1,21270.0
2284,40.0,1,1,20.0,3,2,2,4.0,2,3.0,2,2.0,0,3,1,1.0,4,34626.0
4353,32.0,0,1,27.0,2,2,4,4.0,3,3.0,1,5.0,0,3,1,1.0,3,28502.0
3581,23.0,0,1,33.0,2,1,3,5.0,0,3.0,1,3.0,1,3,0,1.0,1,21492.0
3985,30.0,1,1,9.0,2,2,4,4.0,0,4.0,1,2.0,0,4,1,1.0,1,21381.0
4370,32.0,1,3,14.0,2,2,3,5.0,3,3.0,1,2.0,0,3,1,1.0,3,30235.0
3936,35.0,1,1,14.0,2,1,3,4.0,3,4.0,2,2.0,0,5,0,1.0,3,30672.0
3101,30.0,1,1,14.0,3,1,4,5.0,0,3.0,1,8.0,0,5,1,1.0,1,21210.0
1860,43.0,1,1,18.0,2,2,2,4.0,4,4.0,1,2.0,0,3,1,1.0,0,29336.0
2264,34.0,0,1,9.0,2,2,2,3.0,1,3.0,3,1.0,0,1,1,0.0,2,22756.0
182,41.0,1,3,26.0,3,1,3,3.0,0,4.0,2,2.0,1,4,0,2.0,1,18140.0
1526,35.0,0,3,5.0,2,2,3,3.0,3,5.0,1,2.0,0,4,0,0.0,3,24069.0
427,60.0,0,3,34.0,3,1,3,4.0,3,5.0,0,5.0,0,2,1,0.0,3,25266.0
4330,39.0,0,1,9.0,2,2,3,4.0,0,3.0,1,3.0,1,5,1,1.0,1,20380.0
3793,27.0,1,1,7.0,2,1,3,5.0,0,3.0,1,3.0,1,4,0,1.0,1,21611.0
705,39.0,1,3,8.0,2,2,2,1.0,3,3.0,3,1.0,0,2,1,1.0,3,22880.0
2075,38.0,0,1,18.0,2,2,1,4.0,1,5.0,1,3.0,0,5,1,0.0,2,21288.0
4129,42.0,1,3,13.0,2,1,4,4.0,3,3.0,2,5.0,1,1,0,1.0,3,32269.0
2900,32.0,1,3,14.0,2,2,3,5.0,3,3.0,1,2.0,0,3,1,1.0,3,30235.0
1559,46.0,1,3,15.0,3,2,3,4.0,3,3.0,3,2.0,0,5,1,2.0,3,24619.0
4848,26.0,1,1,16.0,2,2,3,4.0,0,5.0,2,5.0,0,1,1,1.0,1,20774.0
253,42.0,1,1,23.0,2,1,2,2.0,1,5.0,3,4.0,1,2,0,0.0,2,21545.0
25,53.0,1,1,11.0,2,1,2,3.0,2,3.0,1,5.0,0,5,0,1.0,4,34094.0
1498,44.0,1,1,13.0,3,1,2,4.0,3,3.0,1,4.0,0,4,0,0.0,3,25248.0
4270,43.0,1,1,9.0,2,2,4,5.0,1,3.0,3,5.0,0,1,1,1.0,2,25459.0
2548,38.0,0,1,9.0,2,2,4,5.0,1,3.0,1,7.0,0,2,0,2.0,2,23841.0
580,35.0,1,3,14.0,2,1,3,3.0,0,3.0,0,2.0,0,3,0,0.0,1,17572.0
1493,21.0,1,1,21.0,2,2,3,3.0,0,3.0,2,2.0,0,5,1,1.0,1,16232.0
381,30.0,1,3,8.0,1,2,3,3.0,0,4.0,0,2.0,0,3,1,2.0,1,17476.0
2774,44.0,0,1,17.0,2,1,3,5.0,1,3.0,1,3.0,0,3,0,1.0,2,23935.0
2613,33.0,1,1,13.0,2,2,3,4.0,0,3.0,3,5.0,0,2,0,2.0,1,21716.0
1249,29.0,1,3,15.0,3,1,2,5.0,0,4.0,2,2.0,0,1,1,1.0,1,17760.0
4784,36.0,1,3,24.0,2,2,4,4.0,1,5.0,1,5.0,1,3,0,3.0,2,27644.0
605,38.0,0,1,18.0,2,2,2,4.0,1,5.0,1,3.0,0,5,1,0.0,2,21288.0
1470,41.0,1,3,6.0,2,1,3,3.0,1,3.0,2,1.0,1,4,0,2.0,2,20993.0
3336,20.0,0,1,17.0,3,1,4,5.0,0,4.0,2,3.0,1,5,1,2.0,1,20537.0
3485,29.0,1,3,12.0,3,2,3,4.0,1,5.0,3,2.0,0,1,1,1.0,2,27141.0
3244,29.0,0,1,7.0,3,2,3,5.0,0,4.0,1,3.0,0,4,0,1.0,1,21274.0
2433,38.0,0,1,15.0,2,2,3,3.0,1,5.0,1,5.0,0,3,0,2.0,2,21893.0
1755,37.0,1,1,6.0,2,1,2,3.0,0,3.0,2,2.0,0,1,1,0.0,1,17115.0
1505,43.0,1,1,8.0,3,1,3,1.0,0,3.0,1,2.0,0,1,1,2.0,1,17645.0
1795,31.0,0,1,13.0,2,1,2,4.0,3,3.0,1,2.0,0,1,1,0.0,3,23943.0
3704,33.0,0,1,12.0,1,2,4,4.0,0,4.0,3,4.0,0,3,1,2.0,1,21396.0
955,55.0,1,1,8.0,3,1,2,5.0,2,3.0,0,5.0,0,4,1,1.0,4,34187.0
1809,27.0,1,3,14.0,3,1,2,3.0,1,4.0,1,2.0,0,1,0,1.0,2,21214.0
4469,30.0,1,3,17.0,3,2,3,4.0,0,4.0,1,3.0,0,1,1,1.0,1,20975.0
1095,33.0,1,1,34.0,2,2,3,3.0,1,3.0,1,2.0,1,1,1,0.0,2,20207.0
3722,37.0,1,1,17.0,2,2,3,4.0,3,5.0,1,2.0,1,5,1,2.0,3,26999.0
4320,53.0,1,1,10.0,3,2,3,5.0,3,3.0,1,4.0,1,1,1,1.0,3,26647.0
4528,27.0,0,1,12.0,3,1,3,5.0,0,3.0,1,3.0,1,1,0,2.0,1,21044.0
4579,48.0,1,3,9.0,2,1,4,5.0,0,3.0,3,3.0,1,1,0,1.0,1,21972.0
3120,36.0,1,1,28.0,2,1,3,4.0,1,3.0,0,3.0,1,3,0,2.0,2,22692.0
1642,36.0,0,1,9.0,3,2,1,3.0,0,4.0,2,5.0,0,4,1,0.0,1,17088.0
4762,36.0,0,1,11.0,2,2,3,5.0,0,3.0,1,3.0,0,1,1,2.0,1,21054.0
2257,55.0,0,1,8.0,2,2,3,3.0,3,4.0,1,4.0,0,1,0,1.0,3,25976.0
2856,47.0,1,1,25.0,3,1,3,4.0,1,3.0,1,4.0,0,5,0,1.0,2,23488.0
3546,37.0,1,3,9.0,2,2,4,4.0,0,3.0,3,5.0,1,3,0,1.0,1,21322.0
4265,33.0,1,1,9.0,3,1,4,4.0,0,4.0,1,3.0,0,4,0,2.0,1,21048.0
4638,25.0,1,1,24.0,3,1,3,5.0,1,3.0,1,3.0,0,3,0,1.0,2,23055.0
2555,35.0,0,1,14.0,2,2,4,6.0,1,3.0,3,3.0,1,5,1,2.0,2,24752.0
3773,30.0,1,2,13.0,3,2,3,5.0,0,4.0,1,3.0,0,3,1,2.0,1,21482.0
292,31.0,0,3,11.0,3,1,2,3.0,0,4.0,1,2.0,0,3,0,1.0,1,17789.0
4730,40.0,0,1,16.0,2,2,4,4.0,1,4.0,3,2.0,0,1,1,1.0,2,25460.0
4785,25.0,1,1,24.0,2,1,4,4.0,0,4.0,1,3.0,0,1,1,3.0,1,20888.0
2988,48.0,0,3,10.0,3,1,3,4.0,4,3.0,1,2.0,1,5,1,2.0,0,32448.0
3840,54.0,1,3,31.0,2,2,4,4.0,3,5.0,2,8.0,1,3,1,3.0,3,29126.0
1623,45.0,1,1,15.0,2,2,2,3.0,1,4.0,1,1.0,0,4,1,0.0,2,17348.0
2771,40.0,1,3,10.0,3,1,3,4.0,1,3.0,0,6.0,1,4,1,2.0,2,23916.0
1268,53.0,0,1,6.0,3,1,2,4.0,4,3.0,1,5.0,1,1,0,0.0,0,27965.0
3368,36.0,1,1,13.0,2,2,4,4.0,0,3.0,0,2.0,1,3,1,2.0,1,22184.0
1324,29.0,1,1,35.0,2,2,3,5.0,1,3.0,1,1.0,0,5,1,2.0,2,21384.0
768,40.0,1,3,32.0,3,2,3,3.0,1,5.0,0,2.0,0,2,1,1.0,2,23396.0
2646,35.0,0,1,17.0,3,2,3,4.0,0,3.0,1,3.0,1,3,1,1.0,1,22493.0
300,41.0,1,3,8.0,2,2,2,3.0,4,4.0,2,2.0,0,3,1,0.0,0,31015.0
1235,46.0,1,3,8.0,2,2,3,3.0,3,3.0,1,5.0,1,3,0,2.0,3,25368.0
2832,43.0,1,1,7.0,2,1,4,4.0,0,5.0,1,5.0,0,3,1,2.0,1,21254.0
2789,24.0,1,1,33.0,2,2,3,4.0,0,3.0,1,3.0,0,2,1,2.0,1,21582.0
4066,54.0,1,3,13.0,3,2,3,4.0,1,3.0,1,4.0,1,5,0,2.0,2,20984.0
339,27.0,1,3,14.0,3,1,2,3.0,1,4.0,0,2.0,0,2,0,0.0,2,21214.0
1841,29.0,1,1,29.0,2,2,2,3.0,0,3.0,2,1.0,0,3,0,0.0,1,17201.0
1825,26.0,1,3,6.0,2,2,2,3.0,1,3.0,1,2.0,0,5,0,1.0,2,20296.0
2722,27.0,0,1,7.0,2,1,3,4.0,1,4.0,1,3.0,0,5,0,2.0,2,25075.0
765,38.0,0,1,9.0,2,2,2,3.0,0,3.0,0,4.0,0,3,1,1.0,1,17821.0
1053,57.0,1,1,6.0,2,2,3,1.0,1,3.0,0,1.0,0,3,1,2.0,2,19900.0
4481,35.0,1,3,9.0,2,2,3,4.0,1,3.0,3,3.0,0,5,0,2.0,2,24952.0
4112,39.0,1,1,9.0,2,2,3,4.0,1,3.0,1,2.0,0,1,1,2.0,2,25231.0
189,51.0,1,1,9.0,3,1,3,3.0,4,4.0,2,4.0,0,5,0,1.0,0,28734.0
4281,51.0,1,1,17.0,1,2,4,5.0,3,3.0,2,8.0,0,5,1,2.0,3,29174.0
4011,29.0,0,3,11.0,3,2,3,4.0,1,3.0,1,3.0,0,1,0,1.0,2,22899.0
2329,29.0,1,1,21.0,2,1,3,5.0,0,3.0,1,1.0,1,5,1,1.0,1,17168.0
1191,31.0,1,3,11.0,2,1,3,3.0,1,3.0,1,2.0,0,1,0,2.0,2,20476.0
528,50.0,0,3,14.0,1,2,2,3.0,1,3.0,0,4.0,1,5,1,0.0,2,21796.0
2476,31.0,1,1,16.0,3,2,3,5.0,0,3.0,2,3.0,0,4,1,2.0,1,20884.0
4853,33.0,1,1,9.0,3,2,3,4.0,1,4.0,1,6.0,0,4,1,2.0,2,23561.0
1512,26.0,1,1,31.0,2,2,2,5.0,0,3.0,2,2.0,0,1,0,0.0,1,17293.0
2061,33.0,1,3,22.0,3,1,3,3.0,1,5.0,2,6.0,0,3,1,0.0,2,20324.0
377,36.0,1,1,8.0,2,1,3,3.0,0,3.0,0,5.0,0,5,1,0.0,1,17543.0
3974,33.0,1,1,7.0,3,2,3,4.0,1,3.0,1,3.0,1,4,1,2.0,2,24840.0
170,27.0,1,1,23.0,1,2,2,3.0,0,4.0,0,1.0,1,4,1,0.0,1,18058.0
2558,35.0,1,1,13.0,2,1,3,5.0,1,4.0,1,8.0,0,3,0,2.0,2,23183.0
1830,57.0,1,1,6.0,3,2,2,3.0,1,3.0,1,3.0,0,3,0,1.0,2,21755.0
4347,47.0,1,3,17.0,3,1,4,5.0,3,3.0,1,4.0,1,1,0,1.0,3,27749.0
1757,38.0,1,1,29.0,2,2,2,3.0,1,3.0,1,1.0,0,3,0,1.0,2,20745.0
4814,37.0,0,1,10.0,1,2,3,4.0,0,4.0,1,3.0,0,3,0,2.0,1,22370.0
4161,35.0,1,1,9.0,2,2,3,5.0,1,5.0,1,8.0,0,4,0,2.0,2,24635.0
2408,58.0,1,1,8.0,1,1,3,4.0,3,3.0,1,1.0,0,5,0,0.0,3,17372.0
1080,46.0,1,3,9.0,2,1,2,3.0,4,4.0,0,1.0,0,4,1,0.0,0,31606.0
2308,42.0,0,3,18.0,2,2,2,3.0,4,5.0,2,1.0,1,5,1,1.0,0,28758.0
4457,45.0,0,1,31.0,3,2,3,6.0,0,3.0,3,4.0,0,3,0,1.0,1,22386.0
1431,32.0,1,3,6.0,3,1,2,3.0,3,3.0,1,2.0,0,5,1,0.0,3,25422.0
4577,22.0,1,1,25.0,2,1,4,4.0,0,3.0,3,3.0,0,3,1,3.0,1,21371.0
2318,35.0,0,1,10.0,2,2,2,4.0,0,3.0,1,2.0,0,1,1,1.0,1,17376.0
857,44.0,1,1,16.0,2,2,3,3.0,0,3.0,2,2.0,1,3,1,2.0,1,17936.0
55,33.0,0,1,6.0,2,0,3,3.0,3,3.0,3,2.0,1,2,1,0.0,3,28458.0
2361,44.0,1,1,8.0,2,1,3,1.0,0,3.0,1,2.0,0,4,1,2.0,1,17011.0
3742,47.0,1,1,28.0,3,1,4,4.0,1,4.0,1,6.0,0,3,1,3.0,2,27604.0
3098,40.0,1,2,9.0,2,1,3,5.0,1,3.0,0,2.0,0,3,0,1.0,2,23882.0
3087,43.0,1,1,10.0,2,1,4,2.0,1,3.0,0,4.0,1,5,0,1.0,2,23909.0
757,34.0,1,3,6.0,3,2,3,1.0,1,3.0,1,1.0,0,5,1,2.0,2,24725.0
3260,40.0,0,1,16.0,2,2,4,4.0,1,4.0,3,22.0,0,2,1,1.0,2,25460.0
1158,37.0,1,1,25.0,2,2,2,3.0,1,3.0,1,4.0,0,1,0,0.0,2,20768.0
3635,32.0,1,3,12.0,2,1,4,4.0,1,3.0,1,3.0,0,1,0,3.0,2,24154.0
4525,36.0,1,1,14.0,2,2,3,4.0,3,3.0,2,5.0,0,3,0,2.0,3,28899.0
4679,39.0,0,1,10.0,2,2,3,4.0,0,3.0,1,5.0,0,3,1,1.0,1,21499.0
275,37.0,0,1,6.0,3,1,1,3.0,3,3.0,1,3.0,1,3,0,0.0,3,28603.0
4782,29.0,1,1,26.0,3,2,4,5.0,0,5.0,1,3.0,0,3,1,2.0,1,21874.0
4170,43.0,1,1,9.0,3,1,3,5.0,0,5.0,1,2.0,1,4,1,2.0,1,21271.0
3646,39.0,1,1,11.0,3,1,3,4.0,0,3.0,1,2.0,0,5,0,1.0,1,21984.0
2111,32.0,0,3,11.0,2,2,2,3.0,1,4.0,1,2.0,0,3,1,1.0,2,21524.0
1056,28.0,0,3,6.0,1,2,3,3.0,0,3.0,0,4.0,0,3,1,0.0,1,17909.0
678,48.0,1,1,26.0,3,2,2,3.0,0,3.0,0,5.0,0,2,0,0.0,1,17259.0
1100,35.0,1,3,34.0,2,1,3,4.0,0,3.0,1,1.0,0,4,1,2.0,1,17430.0
4758,31.0,1,3,17.0,3,2,4,5.0,1,3.0,1,3.0,0,1,0,2.0,2,25256.0
946,40.0,1,3,31.0,3,2,2,4.0,3,4.0,3,3.0,1,5,0,1.0,3,24094.0
4500,25.0,0,1,16.0,2,2,3,5.0,0,4.0,1,3.0,0,5,0,2.0,1,21372.0
2796,49.0,1,3,36.0,3,1,4,4.0,3,3.0,0,5.0,0,4,0,1.0,3,31182.0
2577,42.0,1,3,16.0,2,2,4,4.0,3,3.0,1,5.0,1,2,0,2.0,3,26867.0
3395,42.0,0,3,17.0,3,2,3,6.0,1,4.0,3,3.0,0,1,1,1.0,2,24829.0
815,21.0,1,1,6.0,1,1,3,4.0,0,4.0,2,2.0,1,5,0,2.0,1,17070.0
2406,45.0,1,3,7.0,2,2,3,4.0,1,5.0,1,2.0,0,4,1,2.0,2,33061.0
3574,36.0,1,1,35.0,2,2,3,2.0,1,3.0,1,3.0,0,5,1,1.0,2,22085.0
1175,39.0,1,1,18.0,3,2,3,3.0,1,4.0,1,5.0,0,3,1,1.0,2,20295.0
1358,31.0,1,3,16.0,3,1,2,3.0,1,3.0,1,3.0,1,1,0,0.0,2,21583.0
542,38.0,1,1,6.0,2,1,2,3.0,3,3.0,3,5.0,1,2,0,1.0,3,22861.0
699,52.0,1,1,6.0,2,2,3,3.0,4,3.0,0,3.0,0,2,1,1.0,0,32099.0
1525,33.0,0,1,6.0,2,0,3,3.0,3,3.0,3,2.0,1,1,1,0.0,3,28458.0
2285,21.0,1,1,6.0,1,1,3,4.0,0,4.0,2,2.0,1,5,1,1.0,1,17070.0
176,33.0,1,1,8.0,2,2,2,3.0,0,3.0,2,1.0,0,3,0,1.0,1,17500.0
3325,33.0,0,1,9.0,2,0,3,4.0,1,3.0,3,6.0,1,5,1,2.0,2,23676.0
2650,23.0,1,1,12.0,2,2,3,3.0,0,4.0,1,3.0,1,4,0,1.0,1,21006.0
3091,36.0,1,1,32.0,1,2,4,5.0,3,4.0,0,5.0,0,3,1,2.0,3,29581.0
616,51.0,1,3,32.0,3,1,3,3.0,4,3.0,0,3.0,0,3,0,1.0,0,31307.0
4774,23.0,0,1,10.0,2,2,3,5.0,0,3.0,1,2.0,1,3,0,2.0,1,21531.0
387,40.0,1,3,8.0,3,1,2,3.0,1,4.0,1,1.0,0,2,0,1.0,2,20715.0
667,41.0,1,1,8.0,2,1,2,5.0,0,3.0,1,5.0,1,3,0,0.0,1,17778.0
2885,43.0,0,1,12.0,2,2,4,4.0,0,3.0,0,6.0,0,3,1,1.0,1,20771.0
2712,46.0,1,1,27.0,3,2,4,4.0,4,3.0,0,2.0,1,3,0,1.0,0,32174.0
1368,34.0,0,1,28.0,2,2,2,4.0,1,3.0,1,2.0,1,1,1,0.0,2,20747.0
1562,30.0,1,3,10.0,3,1,3,4.0,1,4.0,1,2.0,1,3,1,0.0,2,20209.0
1756,44.0,0,1,30.0,2,2,2,3.0,0,3.0,1,4.0,1,5,0,1.0,1,18161.0
3228,39.0,1,1,24.0,2,1,4,5.0,3,3.0,0,2.0,0,2,0,3.0,3,27501.0
1275,51.0,1,1,9.0,1,1,2,3.0,3,3.0,1,3.0,0,4,1,1.0,3,28116.0
4454,29.0,1,1,7.0,2,1,4,6.0,0,4.0,2,2.0,1,1,1,3.0,1,20894.0
2689,32.0,0,1,10.0,3,2,4,4.0,3,3.0,1,2.0,0,4,1,3.0,3,32353.0
2619,57.0,1,1,15.0,2,1,4,4.0,0,5.0,1,6.0,1,4,1,2.0,1,22935.0
1369,28.0,1,3,19.0,3,0,2,3.0,1,3.0,3,4.0,1,5,1,1.0,2,24854.0
1178,20.0,1,3,8.0,3,1,2,3.0,0,3.0,2,2.0,0,4,0,0.0,1,17783.0
3654,34.0,1,1,28.0,3,2,4,2.0,0,4.0,1,3.0,0,1,1,2.0,1,20706.0
4165,40.0,0,1,9.0,1,1,4,4.0,3,3.0,2,2.0,0,1,1,3.0,3,29616.0
3177,27.0,1,1,9.0,3,2,3,2.0,1,3.0,0,3.0,0,3,1,2.0,2,24150.0
2301,31.0,0,1,21.0,3,2,3,3.0,0,3.0,1,2.0,0,4,1,0.0,1,17610.0
497,44.0,1,1,9.0,2,2,2,3.0,2,3.0,0,5.0,1,2,1,0.0,4,34513.0
3573,43.0,1,1,16.0,2,2,4,5.0,2,3.0,2,2.0,0,1,1,2.0,4,38291.0
989,37.0,1,1,10.0,2,2,2,3.0,0,3.0,0,1.0,1,5,1,1.0,1,17996.0
2919,27.0,1,3,35.0,3,2,4,4.0,1,4.0,0,3.0,0,3,1,1.0,2,24950.0
2179,31.0,0,1,15.0,3,2,2,4.0,0,5.0,2,1.0,1,3,0,1.0,1,17321.0
2809,47.0,0,1,14.0,3,1,2,4.0,1,3.0,0,4.0,0,5,0,1.0,2,23936.0
3804,32.0,1,1,11.0,3,1,4,2.0,0,3.0,1,2.0,0,5,1,3.0,1,22656.0
3979,56.0,1,1,15.0,3,1,3,4.0,4,3.0,1,4.0,1,3,1,2.0,0,33434.0
2896,46.0,1,3,9.0,2,2,4,4.0,1,4.0,0,2.0,0,5,1,1.0,2,23483.0
3744,35.0,1,3,15.0,1,2,4,2.0,1,3.0,1,3.0,0,1,0,3.0,2,25477.0
4364,32.0,1,3,9.0,2,2,4,4.0,1,3.0,3,6.0,1,5,1,2.0,2,25260.0
2616,37.0,0,1,10.0,3,2,2,4.0,0,4.0,2,6.0,0,4,1,1.0,1,20766.0
4152,33.0,1,3,11.0,2,1,3,4.0,0,4.0,1,4.0,0,3,1,2.0,1,22609.0
754,33.0,0,3,14.0,2,1,2,4.0,0,3.0,2,1.0,0,2,1,1.0,1,17342.0
1084,34.0,1,3,6.0,1,2,3,4.0,3,3.0,0,2.0,1,1,1,1.0,3,22083.0
1750,53.0,1,1,9.0,3,2,2,3.0,4,3.0,1,4.0,1,5,1,0.0,0,32584.0
4653,28.0,1,1,9.0,2,1,3,4.0,1,3.0,1,2.0,0,5,1,1.0,2,22905.0
2495,29.0,1,1,12.0,1,2,3,4.0,0,3.0,3,3.0,1,2,1,1.0,1,22119.0
1544,36.0,1,1,12.0,2,1,2,1.0,0,3.0,1,4.0,0,1,0,0.0,1,18038.0
1467,27.0,1,1,10.0,2,2,2,1.0,1,4.0,1,2.0,1,4,1,0.0,2,21142.0
2915,39.0,1,1,17.0,3,1,4,4.0,1,3.0,0,5.0,0,3,1,3.0,2,28502.0
4110,36.0,0,1,9.0,3,1,3,4.0,1,4.0,3,7.0,0,1,0,1.0,2,23103.0
2593,20.0,1,1,10.0,3,1,4,4.0,0,4.0,2,3.0,0,3,1,3.0,1,20161.0
493,44.0,1,2,6.0,2,1,2,4.0,1,3.0,2,5.0,0,5,1,1.0,2,20985.0
2424,42.0,0,2,14.0,2,1,3,4.0,0,3.0,1,7.0,0,5,1,1.0,1,32861.0
1278,36.0,1,1,16.0,2,2,2,3.0,3,5.0,1,1.0,1,5,1,1.0,3,23321.0
2385,21.0,0,3,24.0,3,1,3,3.0,1,3.0,1,1.0,1,5,0,1.0,2,17625.0
3949,44.0,1,1,9.0,3,1,4,2.0,0,3.0,1,3.0,0,1,1,3.0,1,21323.0
4409,28.0,1,3,9.0,3,2,3,4.0,0,5.0,1,2.0,0,5,1,2.0,1,21719.0
285,37.0,1,1,6.0,2,1,2,3.0,0,3.0,2,2.0,0,2,1,1.0,1,17115.0
56,35.0,0,3,24.0,2,2,3,3.0,3,5.0,0,2.0,0,4,1,0.0,3,24069.0
2497,36.0,0,1,18.0,3,2,4,5.0,3,5.0,0,4.0,1,5,1,2.0,3,28562.0
2141,34.0,1,1,16.0,2,2,2,3.0,0,4.0,1,2.0,0,1,1,1.0,1,17008.0
3660,44.0,1,3,9.0,3,2,4,4.0,1,3.0,1,3.0,1,3,0,1.0,2,26525.0
134,26.0,1,2,31.0,2,1,3,3.0,0,3.0,0,2.0,0,4,1,0.0,1,17942.0
3544,36.0,1,3,35.0,2,1,4,5.0,0,3.0,1,2.0,0,4,1,3.0,1,21108.0
29,46.0,1,3,8.0,3,1,2,3.0,2,5.0,2,4.0,0,2,0,1.0,4,33947.0
2010,28.0,1,1,6.0,2,1,3,5.0,0,4.0,2,1.0,1,1,1,2.0,1,17216.0
1468,49.0,0,3,8.0,3,2,3,4.0,1,4.0,1,3.0,0,3,1,2.0,2,20390.0
4192,27.0,0,1,7.0,2,1,3,4.0,1,4.0,1,3.0,0,5,1,2.0,2,25075.0
2999,30.0,1,3,17.0,3,2,3,4.0,0,4.0,1,3.0,0,2,0,2.0,1,20975.0
2187,27.0,1,1,22.0,1,1,2,3.0,0,4.0,1,1.0,0,1,1,0.0,1,17811.0
3812,35.0,0,1,29.0,2,2,3,5.0,1,3.0,1,3.0,1,1,1,1.0,2,24425.0
1676,22.0,1,1,11.0,2,2,2,1.0,0,4.0,1,2.0,1,4,1,0.0,1,17328.0
3350,35.0,1,1,27.0,1,1,3,2.0,0,3.0,0,2.0,0,1,1,1.0,1,21263.0
2720,36.0,1,1,29.0,2,1,4,3.0,3,4.0,1,2.0,0,5,1,2.0,3,30674.0
1310,58.0,0,1,21.0,2,2,2,3.0,4,3.0,1,3.0,1,1,1,0.0,0,30787.0
2578,27.0,1,2,32.0,2,1,4,4.0,0,3.0,0,3.0,0,4,1,1.0,1,21620.0
3634,33.0,1,1,9.0,3,2,3,4.0,1,4.0,1,2.0,0,4,0,2.0,2,24148.0
1747,38.0,1,3,13.0,3,1,2,1.0,1,5.0,1,2.0,1,3,1,1.0,2,20605.0
3794,28.0,1,3,9.0,3,0,3,2.0,1,3.0,3,2.0,0,1,0,2.0,2,25178.0
1643,30.0,0,1,15.0,3,2,3,3.0,1,5.0,1,2.0,0,1,1,1.0,2,18072.0
728,54.0,1,1,23.0,1,1,2,3.0,3,3.0,0,1.0,0,5,1,0.0,3,25739.0
4548,26.0,1,3,10.0,2,2,4,4.0,1,5.0,1,3.0,1,4,0,3.0,2,22872.0
457,18.0,0,3,11.0,3,2,3,3.0,0,4.0,2,2.0,1,4,1,2.0,1,16878.0
3153,32.0,0,1,16.0,3,2,3,5.0,0,5.0,2,2.0,1,3,1,1.0,1,20999.0
2799,27.0,1,3,7.0,2,2,3,4.0,1,3.0,0,3.0,0,5,1,1.0,2,23974.0
3779,40.0,1,1,26.0,2,2,3,4.0,1,3.0,1,2.0,0,5,1,1.0,2,22580.0
1005,29.0,1,2,23.0,2,2,2,4.0,3,5.0,3,2.0,0,3,0,0.0,3,22988.0
2608,28.0,0,1,10.0,3,2,4,5.0,0,3.0,1,3.0,1,2,0,3.0,1,21244.0
4634,31.0,1,1,29.0,2,1,3,4.0,0,3.0,1,6.0,1,1,0,1.0,1,20810.0
4398,32.0,1,3,13.0,3,2,4,2.0,1,3.0,1,6.0,0,5,1,2.0,2,24138.0
4709,38.0,1,3,17.0,2,1,3,5.0,1,3.0,1,4.0,1,4,1,2.0,2,25372.0
2769,32.0,0,1,14.0,2,1,3,5.0,3,3.0,0,3.0,0,2,1,2.0,3,27621.0
1738,45.0,1,1,26.0,3,2,3,3.0,4,3.0,1,1.0,1,3,1,1.0,0,28496.0
2551,26.0,1,3,12.0,3,2,3,5.0,1,3.0,3,3.0,1,3,1,1.0,2,24422.0
4242,34.0,0,3,17.0,3,2,3,5.0,1,3.0,3,5.0,0,3,1,1.0,2,23360.0
2339,46.0,1,1,21.0,2,2,2,3.0,2,4.0,1,6.0,0,3,1,1.0,4,34081.0
1121,36.0,1,3,6.0,2,1,3,3.0,1,3.0,3,7.0,0,1,1,1.0,2,21815.0
832,37.0,1,1,31.0,3,1,2,4.0,1,3.0,1,1.0,0,3,0,1.0,2,20731.0
3500,29.0,0,3,7.0,1,2,4,4.0,0,3.0,0,5.0,0,3,1,1.0,1,21587.0
1844,28.0,1,3,15.0,2,2,3,3.0,1,3.0,2,2.0,0,3,1,1.0,2,20253.0
3239,38.0,1,3,17.0,2,1,3,5.0,1,3.0,1,4.0,1,4,0,1.0,2,25372.0
3823,28.0,0,2,29.0,2,1,3,5.0,0,4.0,1,3.0,0,1,1,1.0,1,21541.0
999,42.0,1,2,16.0,2,1,2,3.0,4,5.0,0,1.0,0,3,0,1.0,0,31799.0
1011,36.0,1,3,9.0,3,0,2,3.0,1,4.0,3,4.0,1,4,0,1.0,2,24278.0
1138,50.0,0,1,26.0,3,2,2,3.0,4,3.0,1,3.0,1,4,1,1.0,0,26245.0
3580,29.0,1,1,31.0,3,2,3,4.0,0,4.0,1,3.0,1,1,0,1.0,1,21086.0
3495,45.0,0,3,7.0,3,1,4,4.0,1,3.0,0,2.0,0,4,1,2.0,2,23446.0
4284,22.0,1,3,19.0,2,1,3,2.0,0,4.0,3,3.0,0,5,0,2.0,1,21394.0
3114,28.0,1,1,11.0,2,1,4,4.0,0,3.0,2,3.0,0,2,1,2.0,1,20996.0
4028,35.0,1,1,13.0,2,1,3,5.0,1,4.0,1,8.0,0,3,1,1.0,2,23183.0
3647,54.0,1,1,31.0,3,2,3,2.0,3,3.0,1,5.0,0,3,0,2.0,3,25683.0
1265,33.0,0,1,10.0,1,2,2,3.0,1,4.0,1,6.0,0,1,0,0.0,2,18055.0
2847,42.0,1,3,7.0,3,2,3,3.0,3,5.0,0,3.0,0,3,1,2.0,3,27070.0
1255,33.0,1,3,22.0,2,0,3,3.0,3,5.0,3,3.0,1,5,0,0.0,3,23564.0
4146,60.0,1,2,13.0,3,2,3,4.0,0,3.0,1,2.0,0,4,0,1.0,1,20945.0
1359,34.0,1,3,9.0,3,1,3,4.0,1,3.0,1,4.0,1,3,0,0.0,2,23103.0
1556,23.0,1,3,8.0,1,2,3,3.0,0,5.0,1,4.0,0,3,1,2.0,1,17322.0
3467,57.0,1,1,7.0,2,1,3,4.0,0,5.0,0,4.0,0,5,1,2.0,1,20744.0
3480,32.0,0,1,9.0,2,2,4,4.0,0,3.0,0,8.0,1,3,1,2.0,1,22400.0
3807,34.0,1,3,17.0,3,2,3,4.0,1,3.0,3,3.0,0,1,0,1.0,2,24165.0
4517,46.0,1,1,9.0,2,1,4,5.0,0,3.0,2,3.0,0,3,1,1.0,1,20952.0
1721,39.0,0,1,8.0,1,0,3,3.0,3,3.0,3,1.0,0,1,1,2.0,3,25938.0
4010,25.0,1,3,10.0,2,1,3,4.0,1,3.0,1,2.0,0,4,0,1.0,2,23677.0
3946,31.0,1,1,16.0,3,2,3,5.0,0,3.0,2,3.0,0,4,0,2.0,1,20884.0
2326,20.0,1,1,5.0,2,2,2,4.0,0,3.0,2,2.0,0,3,0,0.0,1,18033.0
574,34.0,1,1,6.0,2,1,3,1.0,0,3.0,2,3.0,0,2,0,0.0,1,18280.0
1384,34.0,1,3,6.0,3,2,2,3.0,3,3.0,3,2.0,0,5,1,0.0,3,24888.0
736,48.0,1,1,10.0,2,2,3,4.0,3,3.0,3,1.0,0,5,1,1.0,3,25999.0
2072,30.0,1,1,8.0,3,1,2,4.0,1,3.0,3,6.0,1,1,1,1.0,2,21877.0
588,50.0,1,1,8.0,3,2,3,3.0,4,3.0,0,6.0,0,2,0,1.0,0,32639.0
3425,36.0,0,3,25.0,3,1,4,4.0,1,3.0,0,2.0,1,5,1,3.0,2,23292.0
16,32.0,1,1,11.0,2,2,3,2.0,0,4.0,1,1.0,1,2,1,0.0,1,18298.0
838,42.0,0,3,18.0,2,2,2,3.0,4,5.0,2,1.0,1,5,1,1.0,0,28758.0
4038,32.0,1,3,13.0,2,2,4,6.0,1,3.0,1,6.0,1,3,0,3.0,2,24850.0
848,35.0,0,1,10.0,2,2,2,4.0,0,3.0,0,2.0,0,2,1,0.0,1,17376.0
4616,31.0,1,3,15.0,2,2,4,4.0,3,3.0,1,7.0,0,3,1,1.0,3,25942.0
4486,30.0,1,1,34.0,3,1,4,4.0,1,3.0,1,6.0,0,1,0,2.0,2,23013.0
3186,51.0,1,1,16.0,2,2,4,4.0,0,3.0,0,6.0,0,5,1,1.0,1,21058.0
3462,37.0,1,1,11.0,2,2,3,5.0,1,3.0,3,3.0,0,5,1,2.0,2,24488.0
608,55.0,1,3,8.0,3,2,2,3.0,1,3.0,2,5.0,0,2,0,1.0,2,20160.0
2937,45.0,1,2,7.0,2,0,3,5.0,1,3.0,3,6.0,0,5,1,2.0,2,24663.0
575,54.0,1,1,25.0,3,1,3,3.0,1,5.0,1,1.0,1,3,0,0.0,2,20485.0
346,41.0,1,1,12.0,3,2,3,4.0,1,4.0,2,7.0,1,3,1,0.0,2,21032.0
2557,25.0,1,1,25.0,2,2,3,4.0,0,3.0,0,2.0,0,4,1,1.0,1,21452.0
3964,49.0,1,1,7.0,2,2,4,5.0,3,3.0,3,2.0,1,5,0,1.0,3,24059.0
3749,55.0,1,1,14.0,3,1,4,4.0,1,3.0,1,6.0,0,3,1,2.0,2,25532.0
7,30.0,1,1,30.0,2,2,3,3.0,0,3.0,1,2.0,0,2,0,1.0,1,17693.0
583,34.0,1,3,14.0,2,1,3,3.0,1,5.0,0,6.0,0,2,1,0.0,2,21500.0
3709,34.0,0,1,11.0,1,2,3,4.0,1,4.0,1,7.0,0,1,0,1.0,2,21733.0
4538,54.0,1,3,14.0,3,1,4,5.0,3,3.0,1,2.0,1,1,0,2.0,3,29612.0
1655,33.0,1,1,20.0,3,1,3,3.0,0,4.0,1,2.0,0,5,1,1.0,1,17756.0
3863,43.0,1,1,25.0,2,2,3,4.0,1,5.0,1,8.0,1,1,0,1.0,2,24088.0
1181,49.0,1,1,12.0,2,1,2,4.0,4,3.0,1,3.0,1,5,1,0.0,0,28966.0
385,30.0,0,1,10.0,1,2,2,3.0,0,3.0,2,19.0,1,4,1,1.0,1,17285.0
2343,36.0,1,1,12.0,2,2,2,5.0,0,3.0,1,2.0,0,1,1,0.0,1,17741.0
4566,38.0,0,3,26.0,3,2,3,4.0,3,4.0,3,3.0,1,5,0,1.0,3,26320.0
670,27.0,1,1,10.0,2,1,3,3.0,0,3.0,2,2.0,0,2,1,1.0,1,17318.0
4299,31.0,0,1,11.0,1,2,3,4.0,0,3.0,2,2.0,1,4,1,1.0,1,20963.0
2434,34.0,1,1,16.0,3,2,2,3.0,1,5.0,2,2.0,0,4,0,0.0,2,21125.0
876,20.0,1,3,27.0,3,2,2,1.0,0,3.0,2,2.0,0,3,0,0.0,1,17678.0
4761,35.0,0,1,8.0,3,2,4,5.0,1,5.0,3,2.0,0,1,0,1.0,2,24021.0
4779,31.0,1,3,36.0,2,2,4,4.0,1,5.0,1,2.0,0,1,1,1.0,2,22793.0
4597,26.0,1,3,26.0,3,2,3,5.0,0,4.0,1,3.0,1,1,0,2.0,1,21091.0
3339,32.0,1,1,18.0,3,2,4,4.0,1,5.0,0,3.0,1,2,0,3.0,2,25511.0
237,52.0,0,3,8.0,2,2,3,4.0,2,3.0,2,2.0,1,2,1,2.0,4,34068.0
3402,35.0,1,1,16.0,2,2,3,4.0,3,3.0,1,2.0,0,5,1,2.0,3,27178.0
1764,37.0,0,1,15.0,3,2,2,3.0,0,3.0,1,2.0,1,1,0,1.0,1,17326.0
2255,40.0,1,1,26.0,1,2,3,3.0,3,3.0,1,5.0,0,3,1,1.0,3,25322.0
1905,33.0,1,1,21.0,3,2,2,3.0,3,3.0,1,1.0,1,5,1,0.0,3,28610.0
1796,39.0,0,1,13.0,3,2,2,4.0,2,3.0,1,2.0,0,5,1,0.0,4,34272.0
3691,32.0,1,3,12.0,1,2,3,4.0,1,3.0,1,3.0,0,5,0,2.0,2,27024.0
2065,58.0,1,1,8.0,2,2,2,3.0,2,4.0,2,1.0,1,3,1,0.0,4,34246.0
904,48.0,1,1,6.0,2,2,3,4.0,2,3.0,2,7.0,0,3,1,0.0,4,33265.0
860,22.0,0,1,9.0,2,2,2,4.0,0,3.0,0,1.0,1,3,0,0.0,1,17853.0
3848,43.0,0,1,30.0,2,2,3,5.0,1,3.0,3,3.0,0,3,1,2.0,2,23010.0
3075,45.0,1,1,15.0,2,2,4,2.0,0,3.0,0,4.0,1,3,1,3.0,1,21496.0
3667,48.0,0,3,16.0,2,2,3,6.0,4,3.0,1,2.0,0,5,1,2.0,0,31614.0
3397,45.0,1,1,10.0,2,2,3,4.0,0,5.0,0,6.0,0,5,1,2.0,1,21040.0
2190,30.0,1,1,28.0,2,1,2,3.0,0,3.0,1,5.0,1,1,0,0.0,1,17132.0
2183,45.0,1,1,6.0,3,1,3,3.0,0,3.0,1,4.0,0,5,1,0.0,1,17270.0
1316,43.0,0,3,8.0,2,2,3,3.0,1,3.0,1,2.0,0,3,1,2.0,2,20675.0
3659,36.0,0,1,9.0,3,2,4,5.0,0,3.0,3,2.0,1,3,1,1.0,1,23608.0
3680,37.0,1,3,20.0,3,2,4,5.0,1,5.0,1,7.0,1,1,1,1.0,2,24812.0
1079,39.0,1,1,12.0,2,1,2,3.0,3,4.0,3,5.0,0,3,0,1.0,3,23376.0
1775,36.0,0,1,30.0,2,1,2,3.0,1,4.0,1,1.0,0,3,1,1.0,2,20674.0
2418,30.0,1,1,8.0,2,2,3,3.0,0,4.0,3,2.0,0,3,0,0.0,1,26916.0
3317,37.0,1,1,13.0,2,2,3,6.0,0,3.0,1,3.0,0,2,0,1.0,1,21419.0
3653,61.0,1,1,7.0,3,2,4,6.0,3,3.0,1,5.0,0,5,0,1.0,3,29561.0
4451,28.0,0,1,17.0,2,2,3,4.0,3,5.0,1,3.0,0,3,0,2.0,3,27471.0
3220,21.0,0,3,16.0,3,1,3,4.0,0,3.0,2,3.0,1,4,0,1.0,1,21001.0
1990,48.0,1,3,8.0,3,2,2,1.0,1,4.0,1,4.0,0,3,0,1.0,2,23120.0
937,39.0,1,1,19.0,3,1,3,4.0,4,4.0,1,7.0,1,3,1,2.0,0,32123.0
2240,46.0,1,1,6.0,3,2,2,3.0,2,3.0,1,1.0,0,5,1,0.0,4,34627.0
164,27.0,0,1,9.0,3,2,3,4.0,0,3.0,1,2.0,1,2,0,2.0,1,17566.0
3919,33.0,0,1,9.0,2,2,4,4.0,0,3.0,3,2.0,0,3,1,2.0,1,21746.0
584,42.0,0,1,14.0,2,2,3,3.0,2,3.0,1,2.0,0,5,0,1.0,4,33430.0
663,21.0,1,1,24.0,2,1,3,3.0,0,3.0,2,2.0,0,3,1,1.0,1,17693.0
3511,48.0,1,3,21.0,3,1,4,4.0,1,3.0,0,5.0,1,5,1,1.0,2,23269.0
3237,29.0,1,1,22.0,2,2,3,4.0,0,3.0,1,3.0,0,4,1,2.0,1,20885.0
31,44.0,1,1,16.0,2,2,2,3.0,1,3.0,0,3.0,1,3,1,1.0,2,21465.0
2148,48.0,1,1,26.0,3,2,2,3.0,0,3.0,1,5.0,0,1,1,0.0,1,17259.0
2107,32.0,0,1,6.0,2,2,3,3.0,0,3.0,1,1.0,0,5,1,0.0,1,17314.0
1152,21.0,1,1,11.0,3,2,3,3.0,0,3.0,2,2.0,0,1,1,1.0,1,18117.0
3320,21.0,1,3,28.0,3,2,3,2.0,0,3.0,3,3.0,0,3,0,1.0,1,21356.0
3909,37.0,0,1,30.0,3,2,3,2.0,1,3.0,1,6.0,0,3,0,1.0,2,21249.0
2475,45.0,1,1,17.0,2,2,3,4.0,1,3.0,0,4.0,1,3,1,2.0,2,25143.0
4707,29.0,1,1,22.0,2,2,3,4.0,0,3.0,1,3.0,0,4,0,1.0,1,20885.0
2669,60.0,1,1,10.0,2,2,4,5.0,0,3.0,0,5.0,0,3,0,2.0,1,20855.0
1395,31.0,0,3,32.0,3,2,3,3.0,1,3.0,1,2.0,1,3,0,1.0,2,20617.0
1382,31.0,0,1,9.0,3,2,2,3.0,0,5.0,1,2.0,1,1,0,0.0,1,18065.0
3895,39.0,1,3,17.0,2,1,4,4.0,1,3.0,1,3.0,0,4,0,3.0,2,24021.0
1970,32.0,1,1,15.0,2,1,3,3.0,1,3.0,1,2.0,1,5,1,2.0,2,21322.0
4133,55.0,1,3,10.0,3,1,3,4.0,1,5.0,1,4.0,0,4,1,1.0,2,24618.0
1530,32.0,1,1,6.0,3,2,2,3.0,1,3.0,1,2.0,1,4,1,1.0,2,21162.0
4549,36.0,1,1,16.0,2,1,4,5.0,3,3.0,1,3.0,1,4,1,3.0,3,29363.0
2501,36.0,1,1,30.0,3,1,2,4.0,0,5.0,0,5.0,1,4,1,1.0,1,22692.0
982,38.0,0,1,13.0,2,2,2,1.0,0,3.0,1,2.0,0,3,0,0.0,1,17610.0
3474,32.0,1,3,15.0,2,2,3,4.0,3,3.0,1,3.0,0,3,1,1.0,3,29471.0
3632,30.0,1,3,12.0,3,2,3,5.0,1,4.0,1,3.0,1,5,0,1.0,2,22865.0
3373,29.0,0,1,9.0,2,2,3,5.0,0,3.0,0,3.0,1,4,1,1.0,1,22545.0
593,36.0,1,1,6.0,2,1,2,3.0,1,4.0,0,1.0,0,5,0,0.0,2,20228.0
4524,28.0,1,1,12.0,1,2,3,5.0,3,3.0,1,3.0,1,3,1,2.0,3,31486.0
2140,27.0,1,1,10.0,2,1,3,3.0,0,3.0,2,2.0,0,1,0,0.0,1,17318.0
1471,49.0,0,1,14.0,2,2,3,4.0,1,4.0,1,2.0,0,1,0,0.0,2,20130.0
4682,41.0,1,3,33.0,3,2,4,4.0,1,5.0,1,3.0,0,1,1,3.0,2,27074.0
1629,34.0,0,3,8.0,3,1,3,3.0,0,3.0,1,7.0,0,5,0,0.0,1,17231.0
226,37.0,0,3,10.0,3,2,2,3.0,0,3.0,1,5.0,0,4,1,0.0,1,17177.0
2289,28.0,1,1,8.0,2,2,3,4.0,0,4.0,1,1.0,0,1,0,2.0,1,18201.0
4546,43.0,0,1,9.0,3,2,3,4.0,0,3.0,2,7.0,1,1,1,2.0,1,21193.0
1315,36.0,1,1,8.0,2,1,3,3.0,1,4.0,1,5.0,1,4,0,0.0,2,21962.0
4406,49.0,1,1,7.0,2,1,3,5.0,4,5.0,1,2.0,0,4,0,1.0,0,34080.0
1420,41.0,1,1,6.0,2,2,3,3.0,0,3.0,1,4.0,0,1,0,0.0,1,17782.0
4591,50.0,1,1,15.0,2,1,3,4.0,3,4.0,1,6.0,0,4,0,2.0,3,26081.0
4181,26.0,0,1,12.0,2,2,3,2.0,1,5.0,1,3.0,0,5,1,2.0,2,22678.0
4864,32.0,1,2,29.0,2,2,3,6.0,0,3.0,1,3.0,0,1,0,2.0,1,28530.0
1908,35.0,1,1,22.0,2,2,3,3.0,3,3.0,1,5.0,1,1,0,0.0,3,22632.0
441,42.0,0,1,11.0,2,2,3,3.0,0,3.0,0,5.0,0,3,1,0.0,1,17093.0
2123,50.0,0,1,8.0,2,2,3,3.0,4,5.0,1,2.0,0,5,1,1.0,0,32924.0
3257,40.0,0,1,9.0,2,2,3,4.0,4,3.0,1,2.0,0,3,1,1.0,0,30847.0
3890,35.0,1,3,35.0,3,1,4,5.0,1,3.0,1,3.0,0,5,1,1.0,2,25390.0
1647,19.0,1,1,8.0,2,2,2,4.0,0,3.0,2,2.0,0,5,1,0.0,1,16102.0
1010,55.0,1,1,6.0,3,2,2,1.0,4,3.0,1,3.0,0,5,1,0.0,0,29732.0
171,19.0,0,3,6.0,1,1,3,5.0,0,5.0,2,1.0,0,3,1,1.0,1,17325.0
3413,49.0,1,1,11.0,2,2,3,4.0,3,3.0,3,3.0,0,5,1,2.0,3,26576.0
3151,48.0,0,1,23.0,3,2,4,2.0,1,3.0,1,3.0,1,2,0,1.0,2,23745.0
4199,38.0,1,1,7.0,2,1,3,4.0,0,3.0,2,3.0,0,1,1,1.0,1,20793.0
2569,27.0,1,1,13.0,2,1,3,5.0,0,4.0,0,3.0,0,3,1,1.0,1,21046.0
1555,56.0,1,1,13.0,2,2,2,5.0,3,3.0,3,5.0,0,1,0,0.0,3,22260.0
1348,40.0,1,1,6.0,2,2,3,3.0,4,5.0,1,3.0,0,3,1,2.0,0,31823.0
3390,41.0,1,3,32.0,3,2,3,5.0,3,4.0,3,4.0,1,5,0,2.0,3,27772.0
4332,27.0,1,1,30.0,2,1,3,4.0,0,3.0,1,3.0,0,3,0,1.0,1,21564.0
4009,55.0,1,1,9.0,1,1,3,4.0,3,3.0,1,2.0,0,4,0,1.0,3,32227.0
780,28.0,0,1,30.0,1,2,3,4.0,3,5.0,3,2.0,0,2,0,0.0,3,23722.0
4505,34.0,1,3,23.0,3,0,4,4.0,1,5.0,3,7.0,0,3,1,1.0,2,24002.0
102,20.0,0,1,12.0,2,1,3,4.0,0,3.0,2,2.0,1,2,1,1.0,1,17926.0
2629,34.0,1,1,21.0,3,1,4,4.0,0,4.0,0,3.0,0,5,0,1.0,1,21434.0
3715,22.0,1,3,14.0,3,2,3,4.0,0,4.0,3,3.0,0,5,1,2.0,1,21357.0
3633,34.0,1,3,9.0,3,2,4,4.0,1,3.0,1,3.0,0,3,1,2.0,2,24183.0
1815,23.0,1,1,32.0,2,2,2,3.0,0,3.0,1,2.0,0,1,0,1.0,1,17904.0
3248,49.0,0,1,7.0,3,2,3,2.0,4,3.0,2,4.0,0,2,0,1.0,0,35563.0
3791,37.0,0,2,9.0,2,2,4,5.0,1,3.0,3,3.0,0,3,1,1.0,2,22564.0
1289,38.0,0,2,8.0,2,2,3,3.0,0,4.0,1,6.0,0,3,1,2.0,1,17592.0
2472,45.0,1,1,14.0,3,1,3,5.0,3,3.0,0,5.0,0,4,1,1.0,3,28926.0
2347,46.0,1,1,8.0,1,2,2,3.0,1,3.0,1,3.0,0,1,0,0.0,2,22379.0
2014,47.0,0,3,9.0,3,1,2,3.0,4,3.0,1,1.0,1,5,1,0.0,0,28770.0
351,32.0,1,1,8.0,3,1,3,3.0,0,4.0,0,2.0,0,4,0,0.0,1,17370.0
4621,48.0,0,1,23.0,3,2,4,2.0,1,3.0,1,3.0,1,1,1,1.0,2,23745.0
487,20.0,1,1,6.0,2,1,2,4.0,0,4.0,2,2.0,0,4,1,0.0,1,17836.0
4550,36.0,0,1,32.0,2,1,4,4.0,0,4.0,1,3.0,1,3,1,2.0,1,20700.0
1969,33.0,1,3,14.0,3,2,2,3.0,1,3.0,1,1.0,0,1,0,0.0,2,22104.0
978,40.0,1,1,8.0,3,1,2,1.0,1,3.0,1,6.0,0,3,1,0.0,2,21377.0
2269,42.0,1,1,8.0,3,2,2,3.0,4,5.0,1,1.0,0,3,1,0.0,0,32665.0
1253,33.0,0,3,8.0,3,1,3,3.0,1,4.0,2,1.0,0,1,0,0.0,2,20147.0
1791,31.0,1,3,13.0,3,2,3,3.0,1,3.0,1,5.0,0,1,0,0.0,2,22547.0
212,27.0,0,3,26.0,2,0,2,3.0,1,3.0,3,2.0,0,2,1,1.0,2,24981.0
973,35.0,1,1,6.0,3,1,2,4.0,1,3.0,0,1.0,0,1,1,1.0,2,20363.0
4157,41.0,1,1,31.0,1,2,4,4.0,1,3.0,1,3.0,0,3,1,2.0,2,21997.0
925,42.0,1,1,13.0,3,1,3,1.0,1,4.0,0,7.0,1,1,0,0.0,2,17372.0
361,40.0,1,1,16.0,2,1,2,2.0,0,3.0,0,4.0,1,3,0,1.0,1,17213.0
947,52.0,1,3,11.0,2,2,3,3.0,3,4.0,3,1.0,1,4,1,1.0,3,23446.0
4092,47.0,1,3,7.0,3,1,4,4.0,3,5.0,1,3.0,0,1,1,3.0,3,29131.0
4564,44.0,0,1,7.0,2,1,3,4.0,1,3.0,1,6.0,0,1,1,2.0,2,24240.0
3968,27.0,1,3,30.0,3,1,3,5.0,1,3.0,1,2.0,1,1,0,1.0,2,22835.0
4094,32.0,1,1,19.0,3,1,4,4.0,0,3.0,1,2.0,1,4,1,2.0,1,22607.0
2612,39.0,1,3,7.0,2,0,3,5.0,1,3.0,3,6.0,0,2,1,2.0,2,27364.0
1475,32.0,0,1,8.0,2,2,3,3.0,0,3.0,2,1.0,0,3,1,1.0,1,18068.0
2359,27.0,1,1,20.0,2,2,2,3.0,0,5.0,1,2.0,1,4,1,0.0,1,17235.0
3966,45.0,1,3,7.0,3,1,4,4.0,1,5.0,1,7.0,1,1,1,2.0,2,24132.0
2611,31.0,1,3,12.0,2,1,3,4.0,3,3.0,0,4.0,0,4,1,2.0,3,28097.0
136,51.0,0,1,14.0,2,2,2,5.0,3,3.0,3,3.0,0,2,0,1.0,3,25650.0
370,21.0,1,3,18.0,2,1,2,2.0,0,4.0,2,2.0,0,5,0,1.0,1,17716.0
2540,25.0,1,3,10.0,2,1,3,4.0,1,3.0,0,2.0,0,4,1,1.0,2,23677.0
2943,34.0,1,3,15.0,3,2,3,4.0,1,3.0,1,2.0,0,2,1,2.0,2,25782.0
587,52.0,1,1,17.0,2,1,2,3.0,1,3.0,0,1.0,0,2,1,1.0,2,18149.0
2595,36.0,1,3,7.0,3,2,4,4.0,3,4.0,0,3.0,0,4,1,3.0,3,25973.0
324,30.0,1,1,34.0,3,1,3,3.0,1,3.0,0,2.0,0,3,0,2.0,2,20775.0
1601,50.0,0,3,18.0,3,0,3,3.0,3,3.0,3,5.0,0,5,1,2.0,3,24208.0
2596,54.0,1,3,13.0,3,2,3,4.0,1,3.0,0,4.0,1,5,0,1.0,2,20984.0
2617,31.0,0,1,16.0,3,2,4,4.0,1,5.0,1,3.0,0,2,0,2.0,2,21750.0
133,41.0,1,3,15.0,2,2,3,3.0,3,3.0,1,4.0,1,2,0,1.0,3,23189.0
3726,34.0,1,1,15.0,2,2,3,2.0,0,5.0,1,8.0,0,3,1,2.0,1,21821.0
828,18.0,0,1,14.0,3,2,3,3.0,0,3.0,2,2.0,0,5,0,0.0,1,16904.0
4069,30.0,0,1,7.0,1,2,3,4.0,1,3.0,1,3.0,0,3,0,1.0,2,22997.0
1962,48.0,1,1,6.0,2,1,2,4.0,4,5.0,1,1.0,0,4,0,0.0,0,30402.0
1878,52.0,1,1,10.0,2,1,1,3.0,4,3.0,1,3.0,0,5,1,0.0,0,31555.0
4686,57.0,0,1,16.0,3,1,4,4.0,0,3.0,1,4.0,0,1,1,1.0,1,21620.0
152,53.0,1,3,12.0,3,2,2,3.0,1,3.0,0,3.0,1,5,0,0.0,2,17306.0
1531,38.0,0,1,35.0,2,1,2,3.0,1,3.0,2,2.0,0,3,1,0.0,2,17406.0
4632,46.0,0,1,30.0,2,2,3,4.0,1,5.0,1,3.0,1,1,1,1.0,2,22311.0
2192,38.0,0,1,16.0,3,2,3,3.0,0,3.0,1,1.0,0,5,0,0.0,1,17684.0
3126,33.0,0,1,7.0,2,1,4,5.0,0,4.0,0,8.0,0,3,1,1.0,1,21010.0
4013,45.0,0,1,30.0,3,2,4,4.0,1,4.0,1,6.0,0,3,0,2.0,2,20720.0
4310,44.0,1,1,15.0,2,1,4,4.0,1,3.0,1,6.0,1,1,1,1.0,2,23200.0
0,41.0,1,3,6.0,2,1,3,3.0,1,3.0,2,1.0,1,2,1,0.0,2,20993.0
4668,34.0,0,3,15.0,2,1,3,5.0,0,3.0,2,2.0,0,1,0,2.0,1,21020.0
1437,39.0,0,1,15.0,2,2,2,3.0,2,3.0,2,3.0,0,4,0,1.0,4,34431.0
3977,60.0,1,3,32.0,2,0,5,4.0,3,5.0,3,2.0,0,3,1,2.0,3,26315.0
2070,32.0,1,1,10.0,2,1,3,4.0,1,3.0,1,2.0,0,4,1,1.0,2,21162.0
992,39.0,0,1,31.0,2,2,3,3.0,3,3.0,0,4.0,0,1,0,0.0,3,25920.0
1626,51.0,1,1,13.0,3,2,2,4.0,1,3.0,1,3.0,0,3,1,1.0,2,21132.0
4460,30.0,1,3,17.0,2,2,4,4.0,0,3.0,3,3.0,0,4,1,1.0,1,21320.0
2425,55.0,1,3,15.0,3,1,2,5.0,0,4.0,2,2.0,0,1,1,1.0,1,34187.0
2350,32.0,0,1,19.0,2,1,3,4.0,0,4.0,1,2.0,0,5,1,0.0,1,17743.0
4847,29.0,1,1,8.0,1,2,4,5.0,0,5.0,2,8.0,0,3,1,2.0,1,20758.0
2037,34.0,1,3,8.0,2,2,2,3.0,1,3.0,2,2.0,0,5,0,1.0,2,21274.0
3129,27.0,0,3,7.0,3,2,3,5.0,1,5.0,3,3.0,0,3,1,2.0,2,22972.0
771,54.0,1,3,8.0,2,1,2,4.0,3,3.0,0,7.0,0,5,1,0.0,3,25686.0
